"ISO3","Name","1995","1996","1997","1998","1999","2000","2001","2002","2003","2004","2005","2006","2007","2008","2009","2010","2011","2012","2013","2014","2015","2016","2017","2018","2019","2020","2021","2022","2023"
"AFG","Afghanistan",34.7835297515989,34.7750744684362,34.9888123324634,35.2934065893063,35.1775073602779,35.065558913267,35.1982686386118,35.335122837524,35.5420415419219,35.4097697721394,32.0981979446875,30.5904862286104,30.1639516686315,29.8777643980503,30.2536360442018,30.5109470299072,29.8264582001116,30.8188271328623,30.6525351705406,31.5441618304546,31.7959605052784,31.9039263112629,31.3465465695633,31.1651788320777,31.9105110793503,31.7278135171411,32.8335174290691,32.633595958253,32.7650170103342
"ALB","Albania",41.3964943858149,41.3792138566231,41.3334510623732,41.1001591916426,41.0265852008418,41.3814304837085,41.3959059370893,41.602467100569,41.6641451368953,42.505107575352,42.1525187783791,41.414330914702,41.881827322012,42.7019343019108,43.7268703450009,44.2860466574733,43.9505143179702,44.466530477996,44.9630997932652,46.4352348405401,47.2259159455329,47.1139450148953,47.064078899692,47.3408698097704,47.4120950878087,47.738608913576,48.4433197837689,49.3486818450146,49.7474507369219
"DZA","Algeria",45.2085243870438,45.3106083969166,44.7115769475862,44.2176926611315,44.2338381585795,44.1985763362954,44.2559344853062,44.2951231219477,45.3376853191638,45.6545510504788,46.2356383665806,44.7056206987731,44.6803479456916,44.7324811458215,44.9595770421848,44.8042543310262,44.4611559366964,44.7185849921522,45.2451448091684,44.9823982987278,45.1234434178704,45.4714405577168,46.6246143347909,46.3534668021387,46.487537223125,47.5316325038626,47.2464769115856,47.3918994576124,47.6893924906014
"AND","Andorra",,,,,,,,,,,,,,,,,,,,,,,,,,,,,
"AGO","Angola",34.1674864859764,34.1499848438528,34.1309677164565,34.1117159633211,34.0729432723481,34.0301878076159,34.12943961255,34.4363857557565,33.954097853261,33.9948464417927,33.4472422531557,31.9296065913253,32.1686076387125,32.2742500957858,32.0209596464402,31.3497151958895,31.3333514942747,32.2389967382924,32.5042571391982,31.9350037928964,31.7904614095932,32.8971038931391,33.2131489346604,34.1028742246527,34.7745625046723,35.2921439069986,36.595834087873,36.8942349492908,37.0433573133306
"ATG","Antigua and Barbuda",47.672721260294,47.7123019311359,47.8211387645193,47.8848139707039,47.8962677228571,48.007815524236,48.0857898110647,48.301372782335,48.4732231779668,48.5155485950335,49.2343215358363,49.3584260637497,49.6346960313194,50.2416744126126,50.5743855879317,50.8211531944287,50.2781634261362,50.8228060662004,50.7661051651095,48.6955512021793,48.4295486245509,48.3684418922379,46.3643714552942,46.7231768988081,46.9746535966893,46.8252727376001,46.8179086462589,47.1852097488373,47.2784593284228
"ARG","Argentina",46.7558284332846,46.8832668345452,46.5850474329618,46.3759249220587,46.5721055387725,46.8262606510598,46.0682573317598,45.7020047327847,45.6419448018273,45.9290713319358,46.6820107106707,45.7213378221992,46.1411147242119,45.8318384865556,45.8632535274019,46.2990033990143,46.1037664520353,45.8440545973499,45.5120610080099,45.0769981298042,44.8996914763672,46.5120910519626,46.441575292977,48.315080343066,48.7207930681477,48.9686712280041,47.8940618425854,47.8333982616558,48.0904031595469
"ARM","Armenia",47.0218794584889,47.3401024576989,46.2071816203653,46.0939538942647,46.7803006096645,47.0554712062913,47.1066047157615,48.6506788548393,49.1745843075388,48.7447683900247,49.58254821223,48.9769739821181,48.6922295657591,50.014055276822,49.9902796694409,50.220565320591,50.3463223695891,50.7011521110966,51.7067198309547,52.8751543790892,53.0710071724417,53.4300730601181,53.5256180397875,54.1303685004606,55.238560107742,55.6897616591797,56.2441555269216,56.4134717918025,56.7140115960419
"AUS","Australia",63.3849814772652,63.544201076693,63.5313743530563,63.668802493162,63.960530044146,64.3175315229389,64.5935737364848,64.6647373227848,65.3484855153623,66.039560209418,66.2740989827372,68.3974755596927,68.8560417134984,69.2561753029115,68.9134316532415,69.2790637564839,69.3554899201878,69.292570436299,69.2487818133458,69.3498753499113,69.3935869718605,68.9549850029503,68.3621331902277,69.1711576036906,69.263731588679,68.3131040775975,69.2119739947733,69.1465549910627,69.1970417705069
"AUT","Austria",64.6554767947817,64.932327192483,65.3931295260002,65.7419910958517,66.0188997072016,66.220219128539,66.6447351929385,66.9390832124991,67.2275013429645,67.6739875038196,67.6909401292135,69.1132541062363,69.8072535980028,69.1946690698895,68.2978498909523,68.4361207590759,68.0736091530137,68.1252630035586,69.1420909725543,69.4587848810567,69.7262562761327,69.2148057168889,69.2590850010899,69.4754230142867,69.1237909346913,69.1193401753625,68.5165215286399,68.213840941009,67.9433280945423
"AZE","Azerbaijan",40.7582298320192,40.5960012501652,41.2622367424276,41.6568604579408,41.5788194924682,41.5938760973816,42.431910208837,44.6157395084188,45.0613591985982,45.1380865584208,45.9174298047434,43.5224898635213,43.1986269107859,42.8341659978083,44.556875470929,43.9448486359806,44.6582728291787,44.832662506192,46.2004505282547,47.2716686348263,48.1514134794174,49.3123360813657,48.5445784684642,48.8478547250008,49.8061372935479,48.631616695111,49.6233312184481,48.8168209010361,48.3304820274648
"BHS","Bahamas",48.5598682049328,48.5962229983554,48.9362229541601,49.1566307592645,49.153764330463,49.2907759216268,49.655806385117,50.0620821024213,50.1204473416196,50.3019562634715,51.1922427919659,54.7493230655285,54.854323543977,50.1949556667923,50.1780805041466,50.2779276932257,50.4641666709238,50.7551386039731,50.5932696199698,50.9033666858125,50.0132200478648,49.6591234685804,49.6248574078832,49.4509318047906,49.8026159509449,49.4613180582511,49.6261054077374,50.045191684572,50.1901650121917
"BHR","Bahrain",45.9082559152751,45.8130714860647,45.7991682241345,45.8101462050803,46.2103788620065,46.6530321329471,47.7513455039957,48.8222124458835,47.5602317270963,47.8752001795452,48.6502146615619,51.4435791311866,51.914154300313,49.1539885649876,49.4368772906698,49.5853236144224,50.3371307555534,51.1431533099501,51.5009100365465,51.4747577175987,50.8741775335178,49.8604765203693,49.3857498004588,49.3719671403922,49.8924017308665,51.111948052026,52.679022790345,52.8335034508894,52.7753147434553
"BGD","Bangladesh",35.9481074256786,36.0083460478119,36.1180621729383,36.9710705548576,36.2527022047725,35.5688345336564,35.0566109996043,34.7729533256387,34.4149745255197,34.2227894945264,36.1815796588232,39.8608423495503,41.0593120944849,41.5683476424751,41.6555240825617,43.094571627811,43.0378861754632,44.5001904681286,44.5462997450783,33.484142934222,34.187289758364,34.9216493860889,35.3063146215172,35.1374128035346,34.9048344599208,35.1730766992109,33.8470240192005,32.9617667042196,32.8575437687353
"BRB","Barbados",56.1096359946399,56.1378155914699,56.1229443893009,56.1645070336106,56.2397382681243,56.5469414026918,56.597658830828,56.2450671621798,56.7877451544093,57.2997518135751,58.3679736701798,61.65893152919,62.0950772024818,62.2874505795933,62.0254858950625,63.4215825310686,64.7317965949794,58.8378930911494,58.8597066266675,57.0399469255116,58.4958593437907,57.3937944581246,58.5891743566688,58.4064491459824,58.0226928671871,58.6001909181367,61.2124378030413,61.7165807217397,61.9315939904448
"BLR","Belarus",48.9887538390824,49.3755998566808,49.5993829514785,50.2826658557416,50.1236289240562,49.6482524252454,49.5137562467706,49.2521091595096,50.3927238643241,50.0686937362729,50.2637949192706,48.8799159663811,49.4734906113559,50.2258805731366,52.4209291228568,52.7016323568401,53.6101687198101,55.071311826817,55.3792673767354,55.2254479736076,55.0292085935869,56.3537816706328,57.5672474795845,57.8650068197555,58.8369766109536,58.2869757257815,57.7686946812317,56.7357826824384,56.3404654976201
"BEL","Belgium",58.7687338181403,59.0374367151564,59.0822738702809,58.8014157145372,58.9328410607113,59.4110105447918,59.5017578642306,59.9128900590803,59.5210565624881,59.8049781984633,59.6544901508088,60.612160649099,60.9132319860093,61.4618027612049,62.0373058875726,61.6709973806964,62.076581175898,62.6208211790861,63.0380666492764,63.7000838790869,63.5995328972293,63.561738188025,62.9973868314606,62.5430708299417,62.9701380179029,63.2306308173713,63.4034267480416,63.5259787135581,62.8433194300389
"BLZ","Belize",42.0100055739256,42.4307862980883,42.357450065637,42.7672695298801,42.740817711355,43.0446473362092,42.9809399443814,43.7816080012451,43.5980993266945,43.0347694118493,44.0667435121942,41.2337105835798,41.0935911709068,41.319177455965,42.8136914671244,42.4399633270211,41.3818550631282,42.6089086542895,43.3864972999998,42.3375872070306,42.7544629263499,42.8879005470993,42.7498428103845,43.1940757073541,42.7316173773526,42.6335411661973,42.0487790601226,42.1139010145728,42.1560627262465
"BEN","Benin",35.4606377132102,35.316248346511,35.227263285721,35.1458283712602,35.0853984976255,35.0293672219244,34.6412672606721,34.4252183297233,35.5255696394552,35.6522214342166,33.838260131582,33.6246757796592,34.405255006754,33.7734613505191,32.9699686411097,31.8060442184887,32.2881542880404,31.4566159333172,32.5015611866949,33.0015964363223,34.3657223050634,34.3415503060964,34.8279783209691,35.8862960099915,36.229683026291,37.7512996189284,37.1528309790975,37.8626204456274,38.0027002108493
"BTN","Bhutan",42.9860993068892,42.94853016467,42.8530598168095,42.7709131649594,42.2251516460761,41.6820990839576,40.7845914291325,41.2420763653717,43.6410471322182,42.6932961628835,42.5850701708185,41.4339349785206,43.6288000291637,44.4598666004133,44.8809702913789,44.4367145553454,44.209629410924,44.8234195050506,45.076492768994,47.4807150881915,46.7096532499916,48.5045000172727,49.8996800787354,50.6850810571228,50.7638169571535,51.1110569105718,50.5820168270452,50.3201307699217,50.3771011565604
"BOL","Bolivia, Plurinational State of",38.0510532278668,38.2126869219844,38.990622094399,39.7234308698172,39.5344291418208,39.2283942475017,38.7082366626061,37.7415970038905,38.4769976822999,39.1276906683511,38.4989209159822,39.3262107766811,39.7498557044701,39.4306827944078,39.3866306405215,40.0934597859048,39.9044102150068,39.2868645909532,40.0021034284981,39.8070687098944,39.4227370559156,39.8660460184708,40.7192292455354,40.8351208980875,40.5881105552378,40.3639082970491,40.0518945181822,39.9711540382969,40.1889623741
"BIH","Bosnia and Herzegovina",46.5139953109485,46.672370892875,46.7408922457791,46.5887821088243,46.2718175882013,45.9367894027716,46.8698462888617,47.2585440203525,47.7304477427481,47.799361986813,48.090782136415,46.7507587377671,46.7487077327025,47.1515817101698,47.0644115561127,47.3331911865618,47.9452438930371,48.1992562961971,49.0383703243599,49.5500694682713,48.8950990488611,48.9787489578729,48.964175913958,49.0573373475918,48.4780690937175,48.4657431107392,48.5467389385609,48.4743131021551,48.8980222277148
"BWA","Botswana",43.2292439879953,43.2847659805708,43.4797299113827,43.7310188172749,44.034046077212,44.2799146167919,44.0212273187396,43.6306575128738,46.2141254685329,45.0284435324175,46.5091293867993,45.4008365854665,45.5552734494478,45.9355455187531,46.1032195097096,46.5085467764356,46.5999424091463,46.9775856114489,47.1123253194728,48.0499560322177,48.1136790005316,49.4590183463933,48.6941198697544,49.3951773150172,49.2510456767955,49.0296518790139,49.288472534803,49.1162187040773,49.1222558070764
"BRA","Brazil",45.8748349602991,45.8177353610196,46.0535383531789,46.3751740776562,46.5732292941393,46.7633352113202,47.1369539456906,47.6101739258982,47.9294989511435,47.7889948350882,48.0148442955565,49.751998736189,50.1069878195139,50.6087423432986,50.6696846292268,51.7594874626458,52.3642685080462,51.7205956061326,51.838477704925,46.815137006648,46.7319494014161,47.0684086146117,46.5983741813269,46.8726423180194,47.2571063343334,47.2507297388285,46.9736664002029,46.8762486214936,47.1557290739033
"BRN","Brunei Darussalam",48.0970468963229,48.1955643455793,47.9884270512162,47.7139697377667,47.844972926272,47.9491944167389,48.1755106107346,48.4933199048044,48.7161664723097,49.4442873669349,50.1361423180622,53.3816783817479,49.3251374040735,50.3190192068829,52.3160435531569,52.3602617415359,52.3576437644997,51.7104070459449,52.2445415552422,52.9434030195207,52.5824001638994,52.9710631272842,53.3043410844609,54.8148132082969,54.5448821112335,56.2329994827674,56.058766637687,56.0536683436019,56.5834487435126
"BGR","Bulgaria",48.9858233342146,49.4077227593758,50.4146089187782,50.3398456699109,50.2689179684,49.6765191272437,49.7105575895177,50.2345966138264,51.1406755562267,51.9273738639464,51.9516059865941,51.3290027431097,51.073757761964,50.9131587679449,51.3434780678536,51.333959184002,51.8192005274787,52.1167427621843,52.4488771844555,53.077255007044,53.0446328936703,53.0161589353062,52.8940867437138,53.965269353434,54.056573125792,53.5973823848673,53.9134271685792,53.1837017032392,53.2449909705546
"BFA","Burkina Faso",36.3323188765948,36.2660895131128,36.3259865139133,36.1567180714503,36.109829200742,36.3080718924672,36.5560288435937,36.550956990177,35.6215826338706,36.0193142668745,35.4036167836497,32.735754653759,33.1367232334613,33.5323550378574,34.1884635354842,34.4488824230582,34.6184590842403,34.4065896878673,34.5372683340206,35.368514745999,35.7693759495373,37.6415159032187,38.468861026264,38.6585790777896,38.3128359801018,38.4095419635115,38.6675806504373,38.5132710992829,38.3900676468033
"BDI","Burundi",35.4742616175393,35.5859007543063,35.5516765647675,35.5587280648642,35.6965770767795,35.2736365772238,34.4216394610098,35.0186110664451,34.5097327197552,34.2114049008526,33.5138133057121,31.2417710754173,31.3876177713894,31.82661749568,31.3377404137044,30.4358640056336,29.6880293068303,28.5338766272515,30.4599786903522,32.8385418719649,32.9913978536176,33.6776057765955,33.5825142113855,33.0259316361814,32.9775871031394,32.6014739884624,32.5916117786377,32.9803839707427,32.881355643672
"KHM","Cambodia",35.488130019593,35.4956378823146,35.5419126696956,35.566749858804,35.4218934952686,35.5719014246597,35.3414605018226,35.5672717524309,35.7908172495672,35.3960662917513,34.8357006460424,34.2468300281689,33.9193928103228,34.6760751118693,34.9395056511297,34.7322041168073,35.1211007532937,35.6292392838764,35.6708896896226,35.6945319298179,35.651632139323,36.2018776350308,36.4695278072048,36.3297147875144,36.5422035500825,36.581355687201,36.5791970334539,36.8745660569233,36.734295328831
"CMR","Cameroon",35.9329984030318,36.0400522079623,36.0480515544592,36.1083486102794,36.0057874191685,35.9318925479501,36.3865188088815,36.5557568025897,37.6021317714586,37.1112896055216,36.2668590534002,35.4381075284281,35.5511820794406,35.4550345308417,35.3165740906016,35.2036711579585,35.0372920521517,35.2627378366114,35.5310941416062,35.9519609174801,36.2039112745726,36.5140950463317,36.3805601325895,36.6000655499215,36.6143657655654,36.9341049856799,36.8066711822272,36.8335719942525,36.7198947112249
"CAN","Canada",66.1399241483887,66.206615966895,66.4463737939739,66.386884358468,66.7727702109618,67.0757343356478,66.963206075634,66.8545454761414,66.7272555656866,67.1888968674942,68.1473836201471,70.3735386313644,70.5078771572299,70.6697883678967,70.8389318817843,70.0767560484498,70.1693515800989,69.897957310751,69.9347988967918,70.156111859112,69.9100549138531,69.6538638493344,69.2550147936024,68.7489787252761,68.4509950689282,67.8266193919315,68.3039155368302,68.4999358682349,68.5494931300211
"CPV","Cape Verde",49.4079354188891,49.4159054250377,49.4639309931857,49.5299045992721,49.598294455625,49.4672526793012,48.281300154607,47.2231566267841,47.4714053754463,47.0102044997219,49.0681285422763,47.6851661551376,48.5431776946628,48.6930817770994,48.9576757997528,48.9214726567351,49.9708609778693,49.4921859330322,49.4095319316475,51.154084438259,51.5181914304608,51.3030766460941,50.8974457229994,50.5466622275255,51.0772842220877,50.9667233486358,52.1186741051648,51.7165882441028,51.8665439126856
"CAF","Central African Republic",32.3461606435197,32.437818480452,32.2170835873618,32.2160920729426,32.0991444420265,31.7884022328582,32.5297497052987,32.6663991515961,32.5791987914325,31.0394763756983,30.3581401289431,28.6596949684989,28.006184938888,28.0562661892317,27.6354056988367,27.4934662183018,26.8343438576299,27.4018925861488,26.4415179619389,26.4189115270351,25.8344440089901,26.9636965297371,27.0734277697387,26.8663548774718,27.228041342367,26.866853936969,26.9887324007188,27.1577832442664,26.8697151599534
"TCD","Chad",27.5046590225733,27.5061958914302,27.5721857281761,27.7069332445452,27.7840638629904,27.8659100724503,27.931823846776,28.0578731136618,26.4519730337102,26.8118739610651,26.0142535514234,24.4043546820715,24.5906145052641,23.9826104081977,24.254686707457,23.8008528667952,23.5008282243138,23.8465191988543,23.8850588891712,24.1549372067949,23.5853382017261,23.8725687075802,24.2830425765818,24.5370068869146,24.5269843559255,25.0620857349366,25.1365312967295,24.9261924952037,24.9867419230443
"CHL","Chile",54.3496149631155,54.3558823822856,54.0864283941853,53.8239732318595,54.4149707313993,55.1730158569522,55.2896673605512,55.5139856270158,54.3980297436916,55.2005991340508,56.1965544608868,57.124589129198,57.5400314413149,57.6957454133589,57.5170233155633,58.4086611263326,59.011041762593,60.2207620457575,60.494023820155,61.4094944920064,60.5612207172751,59.4243029323081,59.3256928928539,59.5719855779945,59.6899884044304,60.1404265917762,59.813567293437,60.0362214858948,60.0594132253809
"CHN","China",46.4641315423993,46.6551848330144,46.5872898162219,46.4806542831833,46.7870384203924,47.2043163166022,46.6781613456322,46.2396715402466,46.4956374464347,46.1843071357281,47.5096190307254,51.9882396353698,52.4867433279787,53.6949806372906,54.5150214221924,56.5007072505874,56.9206445038063,57.4579328822538,58.1600672887841,50.9221017460255,51.7581124519274,51.8145163574976,51.9524192039002,52.3092058898266,55.6713966612949,57.1773753317043,57.8492898352728,58.0501191796673,58.1021899611064
"COL","Colombia",41.4020990763065,41.4044345762771,41.4810262105359,41.5668909179535,41.6777388951812,41.9751406999595,42.5578387887582,42.9853320445386,43.4755424771724,43.9275787348197,44.344473406906,42.938620837181,42.716478213428,43.5649648952426,44.297305646571,44.4624142560481,45.2691739302045,45.1678742425547,45.167633555522,46.1173977692486,46.2698653125443,45.9833392902545,45.9193311671419,46.1441277689144,46.8038319285223,46.9771373786387,46.7463310624448,46.820482091427,47.0303318240402
"COM","Comoros",35.182096718809,35.3129261461198,35.2876746357313,35.4073169447258,36.0886741656575,35.4727598164934,36.1649450126742,36.89292861048,36.7064164708381,35.9942521295888,37.4956328310668,36.1904416599106,36.7079414262519,35.6897628919271,35.6922278031647,35.6191072337156,35.216962877625,35.315479660893,36.0046046839962,36.7927029171149,36.6359857547861,37.1602073975425,37.0995196039013,36.660207442975,35.3388400220974,35.2588078266954,34.5299383896774,34.513754907293,35.5459160906712
"COG","Congo",34.7191579955438,34.7799503969908,34.1617121289432,33.5787537507532,34.1269220270064,34.7369254116957,34.801518888168,34.5416602251398,34.3320452172929,34.1179205688317,33.6421412122598,32.0484794884219,31.969827819735,32.3640877154729,32.0748813147319,32.1452611194788,31.6664510408974,30.8283392213592,31.526061209211,31.9730089746231,31.8376211688657,34.0132619231725,33.0022833014366,33.0781533882959,32.5418359468607,32.1633941805326,32.7746806819722,32.6942232140309,32.792887475684
"COD","Congo, the Democratic Republic o",33.4206709389996,33.3371536413779,33.2529473928796,33.1856823627135,33.1260852602358,33.0891005366912,33.5162586973825,33.5637144310111,33.4492746996861,33.6170901051621,32.5491040382343,29.5289143929092,29.411682416303,29.0563987712295,29.0917897267559,27.9161735725282,28.8771172603016,28.921916821552,29.054142193256,29.0090503036449,29.7430233625023,32.0408597842776,31.9102199850851,32.4230371026027,32.3414699482309,32.3573622260952,32.4431382069979,32.5597328916759,32.663081371401
"CRI","Costa Rica",46.8963986898864,47.0253070579393,47.6115123438908,47.987725949389,47.9436075883476,48.0039435030216,47.3236735022864,47.1352652984356,47.6516293003132,47.0895593825919,47.6973436462636,46.89730602606,47.2734327842907,47.9665126815774,48.7864433864958,50.1434381623362,49.9038319238424,50.2959309910819,50.947033414223,52.6761123607964,52.9340100695201,52.7483695987833,51.9639117395856,52.3513908860922,52.7535300027115,52.8793285424634,52.1753534579119,52.3092009444679,53.0413144638364
"CIV","Cote d'Ivoire",39.734571768495,39.7653403755413,39.2153998351933,38.5653507704949,37.8349987791402,37.2496919938767,37.1740244950994,37.1443934949763,36.3026333942249,35.6023908659626,34.9149921195331,32.6935377616613,33.4548602441387,33.3179144197636,33.3375177928913,32.7289600198141,32.9469553210358,33.6906784872339,34.8210081861511,37.0758371064087,37.9821590248294,38.4000412202319,38.5770379660823,38.8559627040198,39.2436319288993,39.4274770236655,39.94057646317,40.0737293022029,40.2542996082619
"HRV","Croatia",48.0081439919443,48.024765248021,48.0924086652002,48.1871623989974,49.3625952824601,50.7832341116843,51.7208380422199,52.2409789770408,52.9760978913777,53.125108112711,52.4448415414463,51.4067584619224,51.8133094493879,51.4973350877525,51.126687134172,52.0927063097912,52.11880407179,52.1270623497936,52.8600752624064,53.5314701003745,53.8530412171932,53.9473811699782,53.3755035866762,53.2772346058261,53.539686540852,53.8680334000149,53.0603723363919,53.4702989570905,53.6325046394722
"CUB","Cuba",43.2129693034501,43.1187503717113,43.2249905727903,43.4080879622733,43.9375296951566,44.2401884331295,44.5436102791133,44.7790198838627,43.9428945240611,44.9842791280715,45.6248501427155,46.9737219242271,48.2983966324948,48.6152294635648,48.4147341566469,47.6554541267481,46.7392590020182,45.8252390908166,44.4156582002865,43.8268943641407,43.7810625719568,44.4165496169392,45.6079756327278,45.3399857457298,44.8658254066718,44.0895859576979,44.9009355292668,44.1802493291668,44.6970293828293
"CYP","Cyprus",54.8452741226793,54.8424859752922,54.2311894025394,54.0371974875051,54.2212009549341,54.2970964087281,54.6946542724032,55.2492822775086,55.7597933924414,54.6198153853569,55.8864353276271,60.0753551842132,60.0473293158501,61.1447457141249,55.8980121618558,55.9218995399674,55.4563531456024,56.945814949525,57.3027074947098,57.4581779152689,57.2944573528662,56.5606678035914,56.9474290502193,56.5182040437222,56.6520179444501,55.9885891420146,56.0633359903442,56.2598849459747,55.9555858857426
"CZE","Czech Republic",58.0074587388549,58.0138242578343,57.7615033593772,57.6550988534801,57.0295898925906,56.5469500376597,57.1677074807371,57.7321513789166,58.5933880969969,58.3763039544963,58.630947820123,58.6229014441647,59.1207556071379,59.4059220765584,59.4248915722369,60.2123679583084,60.5458637107242,60.6722329259043,61.3226548711927,62.5223762099836,62.7255525651544,62.7629617554859,62.8633267356707,62.4819601569287,62.5056626961134,62.2451813508331,62.2798517683173,62.4771872118165,62.8934116013465
"DNK","Denmark",66.3939722226878,66.6273624323748,66.790039920305,67.0781858448024,67.6299335979983,68.079727800693,68.2121502004757,68.5163181635869,68.9597779576138,69.444509815312,69.4194485600945,72.8128047528798,72.9090422153738,72.7633362844503,72.8025948639438,73.0313119733704,73.5959556234573,74.0291333456952,74.1245083441789,73.8856930180811,73.7737551011574,72.9249378813192,72.9522621597913,72.5554266949853,72.0784525778251,72.5301373897076,72.7005783328038,72.8121419233711,72.7490417030774
"DJI","Djibouti",38.9287006864671,38.9276556628658,39.0633212225691,39.2176972975965,39.3456192358739,39.4693574120685,39.6232680193226,38.8856947090274,38.4608998412136,39.9840241775674,39.5013116901619,37.0685998461483,37.6836236772733,39.2779636595882,39.321584157961,38.8090185467821,38.721943943273,37.8534938613401,37.9517336960137,38.7804111637326,38.1563943670405,38.2429541989518,39.374077304467,39.8117739323508,39.8470655344708,40.0700194294535,39.1137469742022,39.5547688995373,39.5636374400631
"DMA","Dominica",54.4939954178122,54.3472894880347,54.5454550949751,54.6815343230419,54.6422791285665,54.6286474742836,55.0624397608698,54.4445097864398,54.9082728912769,54.5870593111002,56.4734335355858,53.0050171106888,53.354208730066,53.983878756538,54.0049087519725,53.7976175513968,53.5797883713498,52.9484030330628,53.4633115008442,54.0367444871748,53.6064561548838,53.4215651338377,53.3969832135371,52.9406307539409,52.2457865734775,51.1393727873721,50.7230976161435,51.6635928360631,51.7272402278036
"DOM","Dominican Republic",41.8610801108282,41.8976566687202,41.260965472007,40.6860530475587,41.0082550095669,41.1821867560997,41.8270423677396,41.9846457509835,40.9724719944438,41.955412155338,41.320182684819,41.2946477351743,41.7082910190894,42.4150285307917,43.1879752495713,42.6693952850015,42.5178317786811,42.4508291308341,42.2992241251243,42.7528997602996,42.6690528640544,42.7852852995203,42.8289817215198,42.595701766412,42.6312577525483,42.842657256519,43.3746382307217,43.5814687043781,43.6723627311976
"ECU","Ecuador",38.5481455669625,38.3795605792745,38.2305983512865,37.8847537043904,37.4713337976806,37.6713286142464,37.6837797938093,37.5671356986677,38.5041729971574,38.8247622405133,38.8442906304011,39.0069540758146,39.4316466412135,40.0545012567179,39.8939498271466,39.7170163538668,40.2680651919231,40.7734496975039,40.5817526663679,40.500010304274,40.7072602819565,41.3546028360932,42.1145382615948,42.2650031624918,42.7691346447863,42.477374500849,42.1933048355703,42.139565061137,42.0999487255557
"EGY","Egypt",42.7438362708274,42.7065060646645,42.6443043100238,42.7854073607903,42.7249754627708,42.6901865684488,42.8119019241229,43.0220946917314,42.6537967982314,42.622859536106,42.2575074720627,40.1983712654629,40.4726421171548,41.6359872477671,43.1625566869631,43.3398001999312,43.4757655667417,44.0546016648168,44.1337805861058,44.496447560045,44.4139174213926,44.0879850322881,44.886442126597,44.9699403264651,44.8195519151309,44.5770218044567,44.9338463128158,45.0440620437911,44.8699313128095
"SLV","El Salvador",39.4522732753927,39.374696645393,39.1314393483425,38.8625492147956,39.3294714467551,39.7467446264003,39.6559677619068,39.7653068717353,41.4778837125076,41.6871448503707,41.5912758902029,43.083791478906,42.8440121475909,43.4304228324464,44.2752933300007,44.2517505833661,44.6030205729125,43.9951514057639,44.5452589493994,44.705012986825,44.0666909272167,43.3438398933356,43.8109314084752,43.9596620176606,43.9870262489998,44.0091796453532,44.1980890819288,43.6709981495345,43.9587207823551
"GNQ","Equatorial Guinea",39.6399103112672,39.7411413303113,39.9330858134899,39.9716142606763,39.8116320717894,39.662010287556,39.0157311592441,40.048530531124,40.1051743371107,39.87860418129,40.784226758527,38.1858497336808,38.8110667837044,38.975816348651,38.7248583065963,38.9293859382595,38.8505988170681,39.0246639500829,39.1237140722066,38.7134504648944,38.2348201964868,38.3800607806545,37.8629907023197,38.5697584941988,38.7168750628777,38.8532417410012,38.9033843774489,38.889073215066,39.0368015083593
"ERI","Eritrea",38.3641961190836,38.4468088948576,38.6981185552849,38.8125382463874,38.8220723808951,38.8552012777285,37.4506108623523,36.3087812664375,34.6061492959642,34.1918037863055,32.2963657900683,31.2271459486036,30.9895119663022,31.2203842116692,30.6843440544388,30.1848422561992,29.9303982902764,29.7363460885374,29.1077157730933,29.4914492315182,27.8430589742626,29.4433193751044,29.3621497213906,28.9366773870245,28.8186746695142,29.2941156337305,29.8343908524257,30.2026874584298,29.5301877203978
"EST","Estonia",53.6555539434496,53.888962552276,54.3246123712205,54.3540996496146,54.9035197162568,55.6463929773219,55.7135120797133,55.863376275791,56.7408723739394,57.3235048599998,58.0692416873,61.1170836106878,61.5381804599519,62.0620949782186,62.2245319335676,62.5704782444152,62.6080264674573,62.1390020371367,62.9755805144734,64.5045406304686,64.2915671122741,63.251998539813,63.2895200454105,64.1313864083229,64.4254224338071,64.2266377782637,64.1607857817726,64.2687721400371,64.2483288167706
"ETH","Ethiopia",32.8951391660117,33.1705560930923,33.5139795740532,33.6068772346817,33.6705008831756,33.7753737515213,34.0012774513769,34.7883369443349,34.3516984052084,34.2253943616599,34.2043520994025,34.0194219346795,34.3110177336061,33.9836660275665,33.9708865912085,34.1457315764785,34.33352882957,34.7275918671442,35.4718115043711,35.6927817976162,36.1796337148022,37.4763520641195,36.6679619102602,37.8019452158832,38.6016105538981,38.4726948780506,38.3461297371075,38.5937265910016,38.7055483286966
"FJI","Fiji",43.0150903779877,42.9690211655817,43.0321496740556,43.0233201418561,42.9545416856199,42.9064126650212,42.8913041724261,43.1626316185962,42.3324647174571,42.468741511096,41.4240631168902,45.0788636360169,45.5779866012007,45.6627089162207,44.4951084183681,44.8144544328755,46.2627245138286,46.6293008199148,46.969626041111,48.2700802588183,48.3229990587831,48.5530341481294,50.0262158881101,49.9797768409134,51.9031176744563,51.8804468215571,50.9130566290379,50.509311596437,50.6591513646955
"FIN","Finland",70.0372262673983,70.1345288522744,70.2461763252885,70.564154030929,71.1193066120878,71.4290271026677,71.6827646917699,72.0484093377423,72.1891220201919,72.134029559635,72.6429896926702,75.0145309153837,75.0055921031653,74.9860134848031,74.4006091200968,74.5757914644322,74.6891220963358,75.3132621750648,75.2760567927729,75.4842312934337,75.1212060301418,74.2330028866173,74.1431609448426,74.1111510078526,73.8151772621887,74.1789855511038,74.6804733263889,74.75656101349,74.7922254095542
"FRA","France",63.2409750220781,63.3814242430483,63.6744317895024,63.908215610615,63.9626574382667,63.9372751029004,63.884435278254,63.6256979986904,64.1939443489169,64.3632350198906,64.5787494876913,65.6256515469897,66.5758610938732,66.6004513544888,67.0017819943224,67.743962009878,67.982328238166,67.8427385045641,67.282023522172,67.902035082945,67.9069582400311,67.7595518409474,67.3408935052657,67.5853668023877,67.7222688013064,66.7702304451671,67.5842475482433,67.395343667044,67.1998908265401
"GAB","Gabon",41.2959731969012,41.34636972145,41.6077536384167,41.9102990246127,42.6114111040679,43.5019150772207,43.8299732331568,44.1502723746794,44.1316777409714,43.072466243807,44.9765736720517,39.6761824951407,39.3203976620536,39.1856943082488,39.3192855349944,39.5968097239684,39.4677577881055,40.7298782045619,40.8058905338677,41.3656356728843,41.0688482533429,41.0618894204737,40.6850952461017,40.6744407345421,40.4098873185108,39.8300592363265,40.3093442093328,39.837298291534,39.9634684457582
"GMB","Gambia",38.3817793669836,38.3456025295043,38.3542091893163,38.2915247999766,38.4670963942389,38.6697935392987,38.7868678136712,39.276542500877,39.505091889453,38.2912958096051,38.7467153335287,35.6584739281907,35.9376618175654,35.8113246762149,36.2611031871464,35.6125619372556,36.2270062509969,35.6608917720966,35.4907261634984,36.0258615385874,35.7872848331535,35.614258455467,36.3474261639885,36.9607093540784,37.6026647762704,39.3615001056452,38.3760436736412,38.7251280213438,39.0187614561138
"GEO","Georgia",41.7315151979877,41.8415617010212,42.6835926056815,44.1976336027601,44.0600367920957,43.9024663485729,43.9216073508051,43.3274792255594,45.8303505701773,46.8628032793243,47.9322121916036,47.8831929378916,49.5577613968519,49.7124332033291,50.2760163966259,51.6678670770738,52.1206256712009,53.8889464492124,54.8157153758781,57.3036848436959,56.5195111262186,56.3738196779512,58.1701525774905,58.5068329529643,57.3613696436856,58.1032596482973,58.6348044977975,58.5257179288025,58.6085860996744
"DEU","Germany",66.1215156509877,66.1734469476299,66.3994806997735,66.6971100595681,66.5397129057391,66.4956002811525,66.6788585200536,67.0570635354308,67.1354655419887,67.1557671116878,67.4157356953554,69.097570408179,69.352118101293,69.331880428937,69.1284744903149,70.2095677824154,70.0069274055526,70.3520765937773,70.6268199144864,71.3657868515424,70.9283912335115,70.2691681305666,70.2519272690256,70.5563859977297,70.3403059700903,70.1445740003777,70.0948932265681,70.1877115957677,69.6123431371393
"GHA","Ghana",39.568889906021,39.4668218414149,39.4768814690314,39.2364224611905,39.5579621628868,39.9568526935144,39.0601780746535,38.0825562873261,38.7583891720684,38.7185092574877,38.2700854902008,39.5294055042373,40.1644412610369,40.4201810501595,40.8432262703915,41.0210200043269,41.6547770506691,41.357747633832,41.8018850164593,41.5614051570865,41.2619520453864,42.0546869554592,41.7736685208775,42.5792318675395,43.2237844015752,43.2726326159596,43.4375053036435,43.6601595083489,43.670379736615
"GRC","Greece",51.9998988091484,52.2301514127517,53.3014024864157,54.2071930147764,54.2852749583038,54.3487218407684,54.3096582678381,54.1226157978379,54.3182712255944,54.8533602168045,54.3962727211151,55.4976681832892,55.2640419908823,54.7824380506954,55.1697107781957,54.9512735385959,54.53158985808,54.0820614600343,55.243796614294,55.9987128588369,56.2368529033018,56.092059637865,56.06257195204,56.2917255299778,56.6053053560845,57.0316847472057,58.0137000523331,57.771732875613,58.0489936371352
"GRD","Grenada",52.7694286057443,52.8054613853873,52.9418568069439,53.1348988712504,53.1824272280747,53.2621042156283,53.3215012405449,53.5514014563395,54.0656482778342,53.6707504422522,54.9656968752951,51.6579793870538,50.8731875685441,50.5301492617937,50.752618305409,51.9625211932818,52.6739055561482,52.9468012033198,53.2961234343544,54.1101591629111,55.4943378913648,55.3422914141783,55.1685354090767,55.197724101861,55.1721392420012,55.0105815405954,55.4571987154299,55.6590253143094,55.9621549436723
"GTM","Guatemala",37.3008608316668,37.4001707999405,37.5793248031659,37.560490189742,37.8364222770969,37.960113436988,38.1406546002024,38.4340992398597,38.3766797708826,39.24353921026,38.7927249392413,37.3437732727315,37.9830361415649,38.6026764534418,39.0963455231913,39.8618801951127,40.0128807166281,39.6353848140126,40.2943431452107,40.7868884444696,40.8870288568431,41.1910038439015,41.712287753928,41.50992186885,41.2433671209335,40.1135581542133,40.0315877122863,40.5530363303745,40.9754003808125
"GIN","Guinea",35.8619914254435,36.0207549805574,35.6725769710168,35.3143818760761,35.2754754947251,35.4285569844966,35.8041213087875,36.4445873199381,36.1521064912228,36.4899887264925,35.654705466137,33.7924215911406,33.5978127982233,34.2606745900255,34.5712812767542,33.7189034523643,33.6236084054155,34.268923636995,34.883120969086,35.6342466404377,35.6135127935656,36.1449919271013,36.9961920422512,36.7393437633847,37.6123438238765,37.4087222061498,36.7252559727958,37.1785840704703,37.5010117146142
"GNB","Guinea-Bissau",30.7763251100509,30.6932404959213,30.8439810513877,30.9943521513541,31.4750861840408,31.9675230203035,31.5045676414668,31.2136989366522,31.2173047601753,31.2532932960355,32.2649647384841,28.8544960707341,28.7363603250417,28.7531635938083,28.497781527696,27.693208604253,27.8558627524684,28.6090746094015,28.6653787124686,28.0147765413915,28.1416791972369,28.3118045168145,28.6966339751249,28.7805639090874,29.1931908445064,29.3796007573611,29.9136109088446,30.8478797146036,30.9624459126671
"GUY","Guyana",42.7909946460769,42.8215751969826,42.5977775629436,42.1439309680947,42.0640088448486,41.9782420355706,42.3107399822734,42.6572263393718,42.1318532273963,42.2130378754796,39.4213662515941,39.3032921077029,38.7342544702745,39.415704405561,39.102685284619,39.1037757718691,39.1169678515903,38.6388422447649,39.3418384029649,39.6224510694866,39.8305371703951,40.8331655644094,40.130435270722,41.4958251538094,42.4006701109853,43.9049723486131,44.4657639576262,43.8802224446891,43.7327950765432
"HTI","Haiti",33.678941808974,33.7231212785963,33.7148457731984,33.7939395506231,33.73742740485,33.683658604275,33.1010203127697,32.5267661605655,32.2410825686557,32.8197170215966,32.3892932474463,31.8499649135652,32.2546890787088,32.7878394956788,33.274004183088,33.027009391343,32.862420371318,33.0100867307086,33.4642146172475,33.2909300394561,33.1988399654723,33.4153587767639,33.9483550298192,33.8673636764808,33.6330271114064,33.512445500765,33.1181889664816,33.116750709755,33.2010394759386
"HND","Honduras",37.2749346320783,37.1469749778023,37.6047462731418,37.4154984413954,37.5133835338885,37.7231580515077,37.5831897791052,36.9956647907713,37.1078911633919,37.2318685616615,37.4969593173687,37.563952005286,38.165008205695,38.205323753424,38.6366295239647,38.5588967322657,38.1107184337118,37.5289817938468,38.0033880177665,38.874762418892,39.6697146918964,39.3435250848093,39.0215593237967,39.5759034856173,38.6479730338644,38.0535562921395,37.8348277323914,38.3195789563081,37.9481219943072
"HUN","Hungary",54.7307122828059,54.2357191555116,54.3084108661485,54.5109931333131,54.6971275254472,55.0877386008685,55.3234096542554,55.153768530146,55.0169776299978,55.4552376567796,55.2749497401297,56.1333519182628,56.1446198833005,55.8140190803087,56.2741783830491,55.5957232474907,56.1667327086734,56.2667577220418,56.1590081670783,55.8241120884238,55.6298721525074,55.1783749862807,54.6622290553725,54.3450308510404,54.3156379007663,54.6354381524746,54.7225942920177,54.1712209359466,54.5972347642671
"ISL","Iceland",61.2139543808534,61.1114021032338,62.182034283509,64.1780057491339,64.562002455149,66.475118677236,66.4444646576292,67.6956899700138,68.0290159874377,68.2747775071137,69.0019709494469,69.987471477072,71.5767161558863,71.5960263176239,71.3853543972406,71.4606702492557,71.1595178924912,70.1270993832033,70.2438263244028,71.9485773008219,70.9766056082204,70.0914681719906,69.6168723037712,70.5325078978297,69.4417089929441,69.1846704731857,69.2612062021069,68.4933821482981,68.3973767028457
"IND","India",38.8226270201253,38.9183690093112,39.2302739630174,39.517655911871,39.2590129891132,39.1081888799252,38.9463117134949,38.7470141966123,39.3300946519272,39.4934686504735,41.0481666448392,44.9217896620623,44.7760899422457,45.274379946942,45.1068250336921,46.5091573043895,46.4927712646829,46.7763978703442,47.0828170129258,37.1736303015719,37.2410440075655,39.2854305050323,40.4640199919473,41.5438595266227,42.0852467075743,43.336341538806,43.5472243180185,43.6778430309465,43.5336463671451
"IDN","Indonesia",40.1042052813764,39.9820560462622,39.8854215103431,39.3053926304724,39.8735466281957,40.7420132639515,40.3893750456281,40.0435556393681,40.5210892145267,40.3426483995668,41.6748172571106,45.4051327937462,46.5394360628402,46.8917201011121,45.9363288906202,47.5589167916601,47.7688619259148,48.2834808816239,48.6220239471262,41.4263723572565,41.9967579857078,42.0749220080216,43.7203341592319,44.4233773711718,45.0940252769554,45.4744666235717,45.8235377759691,46.0462362353246,45.8654334285471
"IRN","Iran, Islamic Republic of",45.4528969622448,45.5250203565587,45.6726943475656,45.8478317672607,45.9965189497165,46.2866890283488,47.113190814087,47.9046918814979,47.9317732128192,48.3527448441195,48.4724548231916,48.0154562175482,49.1252965008348,49.7884637164592,48.7474468171274,48.0429275578893,48.5168507618088,48.5544167948519,49.1992931622109,50.8394852371175,51.2394461106303,51.9567110433621,51.6800306373863,49.6583322193354,49.3791841149772,48.9674908324733,48.5263463997198,48.6154966895338,48.2130344311499
"IRQ","Iraq",40.2175450421066,40.2121118233737,40.5661311613514,40.9057363608246,40.8229684460041,40.7547607273115,40.999121291015,41.2016788564803,41.8695443966032,40.6936572235285,39.5196090968952,38.81420041618,38.5731298637925,39.0305893786694,39.2851391931706,39.2550701284274,39.4375649340411,39.5223305780666,39.6556387048728,40.2766920417566,39.8168034514651,40.788854221407,41.8142141489608,41.8574267712168,41.9062087881541,42.0799850475272,42.4450012346275,42.8038161752257,42.4800079546342
"IRL","Ireland",59.0511143684674,59.1964402865379,59.1235370531773,59.0842977988118,58.9272555719923,58.9122431093054,59.0208746404271,59.2072023997307,59.5213826886867,59.0874551805112,60.5551982458922,63.4281739403629,64.2835152568204,64.1818308749984,64.2071157236078,63.9796118917882,63.5784798582946,62.6922641605872,64.1086741610711,65.2585133899059,65.7288049781172,65.0379237674868,64.5868942346008,64.3781964581394,63.701016770903,64.1280346596852,64.3392563834615,64.4559250923447,64.0631376788537
"ISR","Israel",60.8662946503457,61.0390641383622,60.6791313986093,60.444101151933,60.4048654624635,60.3764874417623,60.4859681165474,60.7657599604267,60.7409380730486,60.3839065665468,59.5924969777954,61.1597790935859,61.3654047413843,61.8807503433964,60.9159221497221,60.9548873334287,61.0952027426015,61.0993437283113,61.1096666597581,61.5024932879861,61.8482262458914,61.9366131001384,60.6735746391074,60.6182484139473,60.309571450309,60.7627885756179,62.2108967072375,62.0208021396,62.306464327617
"ITA","Italy",53.8766492120808,53.8237462151899,54.1019412886384,54.2581449607707,54.8390750594127,55.9407286284457,55.8184622651122,55.7731323938022,55.8331778450242,55.6084691573528,56.362230561197,57.0166013201667,56.8056667219095,55.9757683582792,55.8088394820799,56.0538027641747,56.0311579482385,55.1480969503801,54.8486447834228,55.6274862593458,56.0185295589638,55.8158490555835,55.9507450286892,56.781897929141,56.6469175137762,57.9829812800669,58.2224142108971,58.6344993058074,58.8015160519521
"JAM","Jamaica",45.2718828089556,45.5218244846091,45.2910628469073,45.1975804496489,45.1300903118775,44.3569394241172,42.4504056576122,43.1167751786148,43.603519573568,43.8328222234365,43.4952152861827,43.0240198522182,43.0111985863484,43.1673673383179,43.1848869226699,43.1340531403805,43.7675942376685,43.5095930603254,44.179737262153,44.7858698946966,44.4634411565559,45.4993833263271,45.7666702587182,46.1836067345981,46.4935015572868,47.2294246061787,47.3678938070816,47.7627788207918,47.4228295298806
"JPN","Japan",59.8802669083378,60.0119213402824,59.9462664031843,59.8127111284145,60.2868493676052,60.8106299883566,60.448096171396,60.0323570258054,61.0457011257508,61.4192136996556,62.611560764429,66.5925144914247,66.4511932289416,66.8520819001319,67.2215456256263,69.2181193442222,69.0982656996495,69.4147397501226,69.7872389275771,67.4514126204882,66.525374121524,65.589716471239,65.7655856119304,65.4194819962171,65.4869139354302,65.4725117776419,65.7508394487063,65.8635628190201,65.3811151140508
"JOR","Jordan",45.4505153036147,45.4427925647988,45.8589771066452,46.1520932092506,46.1738376917061,46.27676155101,46.1601856604612,45.8302251650419,47.5523927547762,47.0897791261124,48.0937332315476,48.2606601483587,48.9010626256348,49.7166093855668,48.8048429610766,48.5660507987575,48.9670627219502,49.0477341606422,49.2267403137317,49.9527730027531,50.740526347527,50.2443833335833,50.1035381191973,49.7308220077377,50.643348694424,50.6082625939487,50.4733414828977,50.9409693924774,51.0487842997236
"KAZ","Kazakhstan",47.5114199352794,47.5011240361788,47.8501399221563,48.3196117688918,48.4153445516224,48.8301907726177,49.216601243576,49.5979443019698,50.2897256786625,50.3975214898677,50.9038385939231,49.9249632427468,50.3277900409936,50.4627573109532,51.3409874602608,51.5388410691234,51.9995682832314,53.0947709636431,53.7232481511191,54.669228802597,54.1658901052174,55.4561384652591,56.0710562084457,56.8600955850489,57.7934812337826,57.3224703578109,57.8341989745599,58.1474231154663,58.0307475273599
"KEN","Kenya",34.8096721782639,34.8108972039972,34.7356356988125,34.8232917687671,34.9254164307201,34.9574885684988,35.4048088531826,35.8214658416419,35.9990237929315,36.2259412195906,35.6579806263717,34.5695666388326,34.4838075350646,34.3495890178542,34.2761054125721,34.1778333054429,34.0133843394997,33.5350798978583,34.09202005799,34.9247298048315,34.754468497405,36.3229380117676,36.1569912811077,36.8414319926208,37.5022827250259,37.5436412938639,38.0686784755705,38.0509719311116,38.0153193852404
"KIR","Kiribati",42.8421952245456,42.7845135153231,43.0533526760879,42.7493380837803,42.9121015370843,42.9826607041468,43.135854432943,43.273000185813,43.4708526307224,43.7197326869548,42.1327118988676,40.7895721193847,41.0806573379216,39.9203760476068,38.089341157737,39.411161144108,40.735202762837,40.1621954101407,39.5712649031542,41.8795158539796,42.5669850089502,41.8132435371356,42.2063592412206,41.071868337485,43.365396506785,41.9236114689213,41.4551947606697,41.7644885374581,42.8155069487038
"PRK","Korea, Democratic People's Repub",40.2683728048829,40.2563085185952,40.6607264273973,40.6390541468961,40.990415928706,41.2080545952504,42.2076796864518,42.74888850151,40.4156201497062,40.8902054765527,41.492169328158,40.7181858467938,40.0962330349291,40.2944968564354,41.7644349745192,41.9938957768971,42.0157901423843,42.1259896138155,42.0863772681328,41.8755527120571,42.1290710307342,41.3102531457303,41.1953566534925,40.9080205346803,40.4641387215443,39.9152705622396,40.3328279589929,40.407328073546,40.5678721015477
"KOR","Korea, Republic of",56.1324217622696,56.3427481023846,56.9686769441273,56.982491845805,57.6024999018151,58.2447642642136,59.184477651393,59.9037764856833,60.3531494707313,60.018977692444,61.1951450093887,61.8790945521042,63.3167641399081,63.1322563116439,63.4487963748065,64.7572789768886,65.0208414136274,65.3259331518401,66.1276782510062,66.661477978266,65.9353882447032,65.2163897959603,65.3429664700428,65.7334137874166,66.2239191997524,66.3054618011334,66.624422390095,66.8374441814646,67.4058457301437
"KWT","Kuwait",48.3205236850402,48.3503804108752,48.5298336626409,48.7325695709904,48.7393074789388,48.8895626730615,49.8715547883342,50.8921095540034,50.2763152978271,50.320729491821,49.201098190848,49.23043393186,49.4525447129515,49.8286399201317,49.8737123144436,50.5052806321631,49.7908784723162,49.118950186554,49.7076739668961,50.1993254434601,49.8290621965659,49.8790354438169,49.4080695399423,49.7919739984422,50.629065155513,52.2549770517777,52.7589513105837,53.5626346251325,53.8755221924952
"KGZ","Kyrgyzstan",46.5550122387605,46.4602466011843,46.7667390418041,46.3680061429505,46.8393185169164,47.4841780654257,47.8011324337081,47.6459427668639,47.9850159622255,47.1058940716021,46.6675615201862,43.8280631837033,44.5852168178961,44.7699101256329,45.2007540102199,46.0097525765,47.1534919861194,46.7348525325737,47.2922312583364,48.2655645472225,47.5874947526188,49.8200970855207,50.3665820953698,51.3039971703396,51.4828997202318,50.8574703028162,51.1688866660142,51.0605071247394,51.1760614516005
"LAO","Lao People's Democratic Republic",36.2787836069943,36.4227770299561,36.5620179321235,36.6931963544022,36.7946314295639,36.9168364045522,36.7140045866379,37.2421596316089,36.72433785416,35.5520832670587,34.9570771532045,34.0149696558357,34.6708956806724,35.5275964480836,35.6595206015162,35.6569267604967,35.8356729159987,36.9542296547288,37.7792695210575,38.1746808153086,37.7476754605055,38.156187480399,39.0138684875922,39.748884622009,39.1281745362238,39.309025488044,38.9806064073843,39.352758725551,39.2799583187036
"LVA","Latvia",50.4001589194353,50.2448782891118,51.0667628133892,52.2747785614923,51.4121695794687,51.27244334026,51.808875278302,52.5668992994706,53.1609954516655,53.2027522058018,54.1025329641896,54.7503732594692,55.7547709364541,56.3020583240822,56.2864781239198,55.7294547805346,55.8607909656081,56.9399163300324,57.8767585666726,58.5399137138503,58.8315773284788,58.0729465937119,58.6148218526811,57.6586611581964,58.2533833755748,59.0909717298111,59.5166676111552,59.419130264014,59.4796932604966
"LBN","Lebanon",40.6154322583592,40.6616866775997,41.2198270362753,41.6374806483254,42.0179860063187,42.1678885692831,42.4513970478209,42.5868871013818,41.8786177732885,42.1126033543197,42.1530929847196,40.1055128483331,40.7345033754858,41.4067584084753,42.2563561332125,43.0268740056702,43.4639609519197,43.8741021911118,44.0172729018011,43.7518105907782,43.8386203750337,43.3471215295436,42.8380768406729,42.7023507117234,42.9819841945668,42.3494612011355,42.2554068250558,42.9927568843344,42.5307358919755
"LSO","Lesotho",39.9354838554086,39.8683042081143,39.8979983020136,39.5711887180407,39.5029876737201,39.4252678108506,39.1171476308799,39.2880123870304,39.5089527227737,39.8638480396065,39.7691551874859,38.9362603896325,38.9516238622633,39.0911303955792,39.2611828560674,39.6448760101586,39.4127533765397,39.4312948409931,40.8655154633478,41.8125005217517,41.2983105332864,41.5668973733216,41.4667123294405,41.1344419417584,41.0952403771658,41.2262066959104,40.5040513915814,40.3393055942773,39.8701722052862
"LBR","Liberia",35.6153316597249,35.6417027872904,35.5631521158598,35.4822917601338,36.3187859448192,37.5062913148966,37.0619574216564,37.0226611264167,36.1740331598287,35.7213524980147,36.8318628144283,41.9763045127223,33.8418907584588,32.5902636401683,33.8664208023513,33.5904499399179,33.246397324221,34.1050903951873,34.1904636066911,34.5319201628979,34.891194474734,34.7522397055892,35.0640133671591,34.3581128272261,34.0027264357,34.6208654456896,34.4717581002959,34.7580472299803,34.983383935657
"LBY","Libyan Arab Jamahiriya",43.6922943598715,43.7391228626038,43.6804563185184,43.630481092217,43.7490824515254,43.723334663469,43.6253831000425,43.5829930117313,43.8318881412572,43.8016097461458,44.7557400732302,47.8621208659435,48.1006477729732,48.5261570627177,47.8341409714048,48.7792401215534,48.6059284756435,48.1014557975023,42.065956567333,42.2480216809353,41.9458218602864,42.1926509322337,42.4575618327783,42.7983074229959,42.944395805253,43.0200916472301,42.9878410133371,43.1743835785008,43.2600199001764
"LIE","Liechtenstein",,,,,,,,,,,,,,,,,,,,,,,,,,,,,
"LTU","Lithuania",50.7464203012109,50.9981194410304,51.0620384760981,51.2029432933011,51.1678235730004,51.4316905328442,51.5961947672668,51.8473583826065,52.4362366595608,52.7981112989883,53.7208802729004,55.0686592817335,55.4508062673725,55.9605715823357,56.6111359841371,56.8476303183987,56.651937796166,57.1684663906218,57.6444712294698,59.3802988969953,59.0112655708378,58.8257821537621,58.1209393919113,58.1942062700084,59.0357002957043,59.5875332763545,59.9651009427467,60.0850471601756,60.2258475903818
"LUX","Luxembourg",60.9905238170694,62.1985667984759,61.8690684326747,61.6405369813937,60.7793864896998,64.8003501022727,62.9602346269293,62.4914463849819,59.890248905247,61.3653379616322,61.9713687486556,66.5382546544777,63.445362144812,65.4358303100247,66.1062169614345,67.6752755829204,68.335502177084,69.263763958183,69.5866015706854,70.0833808992439,70.4693255073898,70.0552459822823,69.4197557229282,69.4717080362859,68.8454893700095,68.925574385401,67.5087759028992,67.531272510357,67.6610845382934
"MKD","Macedonia",47.1672040253134,46.6842060913084,46.8263667526103,47.0938492325402,46.8254063097064,46.5011035715122,46.1864836047242,45.5367142969552,46.866140069093,47.2595045235046,47.2463300889299,47.4855947454933,48.6621149077395,49.0151583962946,49.7834167500706,50.4760494257396,50.7352524284072,51.809065771918,52.347613381423,53.3962939952816,53.0805069120073,52.7941099272197,52.5745003748829,51.9814257102568,51.9082885199826,51.6614638343975,51.9755216194788,52.5847051050075,52.4736034765817
"MDG","Madagascar",35.778458716845,35.8764943705192,35.4082150222226,35.0009290355183,35.1706736374056,35.2274541896091,35.6320323812708,36.1415443635565,36.0022657307091,35.1919811420345,35.8889900443519,34.3470360689142,35.217558823406,35.5818757270147,35.1257849315651,34.3122705570843,33.4737784754162,33.391887375995,32.9538314158096,32.9085617528992,32.6137150427413,32.5934330306613,32.3084528758564,32.8805305358388,32.5248128739107,32.6762338320177,32.8785392442889,32.9479691628294,32.9581072713667
"MWI","Malawi",33.7081628498224,33.7208646464095,33.8220554913595,34.043842708995,34.2702329792465,34.5565670520187,33.140874373314,31.5769059439336,32.9969912599408,33.093418681223,33.376627621174,33.5883064979702,33.7956284815227,34.0029153187632,34.2410295846552,33.193657133216,33.8239650967882,33.8131548111373,33.124288789678,32.4972958785239,32.4257199615253,33.4276073093108,33.861287754079,33.6500836797592,33.6361011771283,35.1962870254002,35.725573801942,34.7222198344531,34.7997762757298
"MYS","Malaysia",48.0149335617389,48.1669778171696,48.2524078525862,48.4488522416935,48.5406574576203,48.7405404293474,48.953907205885,49.203735853671,49.7880577634739,50.1686069814576,49.026954234459,49.8938515168127,49.5956367485454,49.1088088163454,49.8419754759193,51.2566235767656,51.3137231451821,53.4818534394662,54.581781661357,55.8264351706202,55.4410594736246,53.7156725810474,53.0303853146989,54.1462249966627,54.853196557016,54.9542700097123,54.7641098736997,55.1399293545067,55.3656015742223
"MDV","Maldives",34.1617896941412,34.0691820053426,34.5266190698044,34.7803480050751,35.4757605845213,36.0255691033534,36.9738624918252,37.4834452442757,38.1270638064965,38.2582836446885,38.5903242773665,39.923913173205,39.5684611716579,39.7462942131979,40.3720293548852,40.4051694701182,40.3791780280935,40.2783753721641,39.5870900339641,41.2225566163562,41.1851171768075,41.1068057312435,40.9535772468338,41.4937416731475,43.7217530935089,42.588424367379,41.7480105400962,43.2268726958584,43.0242708433303
"MLI","Mali",31.6023710864031,31.5622718806237,31.4909785044443,31.2712666763119,31.5558813158472,31.8843288119971,32.4351957109445,32.4391651129527,32.8739069125163,33.2976142032902,33.7057185527971,31.7812667431109,32.6599532664127,32.7420116460837,32.2923128221765,32.8291169075937,32.9753359128415,32.2382456986815,32.4341556019226,32.8802249818472,33.0832829078944,34.189183031532,34.5053947831332,34.4668750202697,34.958229635828,35.340199647462,34.8184121091833,34.8673419634622,34.8223052971323
"MLT","Malta",52.946145399862,52.4868222641378,53.8544487008624,53.3113480176233,54.0111064250346,55.9061003659497,56.0351647787105,55.7946374452366,56.3778987310007,55.9791176380848,57.2008438004246,61.2773009452165,61.5722670762748,61.8143831197927,60.9566878466873,62.4576292121341,62.3437942027139,57.8145684422777,58.1192193614702,57.816794508327,58.2577091933465,56.3248734293453,56.490744114192,55.9835097937511,54.8983222998575,55.8677636854967,56.1908555699764,56.4135192993455,55.8793588292367
"MHL","Marshall Islands",35.2670802541099,35.3519258794461,35.4408475202638,35.5325024107389,35.6144041280449,35.6923485568888,35.8027397413839,35.9151706509471,36.0596086021495,36.2208771629794,36.4903472534347,36.6173722804914,35.9156629774326,36.3485523344019,36.8301241868668,36.6319505209576,38.5355467774534,38.8324378547068,39.8171822455981,40.3280909334887,42.8046101794053,42.8786308405089,43.4217345338402,42.0495452136324,39.819961325493,40.3391433724166,40.438661125186,40.4348102366255,40.5188258129719
"MRT","Mauritania",36.3176034210753,36.2964279677361,36.2991901267651,36.2795529225706,36.2119726117798,36.1423740279958,37.0724035670577,37.7956618632828,37.6265529552067,37.0361368917611,36.3113524944639,35.0684976777892,36.0090129837351,35.4607148302377,35.7855456476051,35.3282382310073,35.141544103842,35.6361697103793,35.4787078091859,35.5178268216222,35.4790075005613,37.6061630102898,37.566233453912,38.0585980229087,37.7606980667323,37.7396070708973,37.292568318917,36.9345949932325,36.8619262763902
"MUS","Mauritius",46.6738708595851,46.6415960000423,47.132540188583,47.3079418340786,47.2515710021722,47.3116092130947,47.6627754146804,48.1292321412159,47.8910735742392,47.8938927508586,46.9734796742201,48.5343293727338,48.8630992945794,49.720338327207,50.1769643429184,50.9884931736384,51.2886498936781,50.971250576776,51.3478101688393,52.3090828526186,51.7273309694957,51.0380275216662,51.2227062030511,52.619928503049,52.9322446199517,55.4142823945108,55.4925964858692,55.3826211348902,55.5305502771785
"MEX","Mexico",45.7494798968612,45.7396657208201,45.9794495523103,46.3074907151676,46.963390212918,47.7329863589937,47.4970944218143,47.4178487661355,47.5573068171377,47.1735240842614,48.3127703280905,52.313301693145,52.5211588516673,52.8817243782989,52.9349421746505,54.0524093186053,54.0847782382154,54.3064875782819,54.1450096961865,46.4527938489044,46.2974287551154,46.276425129009,46.0763722041278,46.1086361257065,46.0962400989853,46.1175351857922,45.7798165985587,45.7460225460063,45.7747798965237
"FSM","Micronesia, Federated States of",33.0324175080601,33.0789056494848,33.1206642641418,33.1833631020103,33.2390466747537,33.2969075744226,33.4181325554439,33.5110084037438,33.476646887336,33.6697660527652,32.1192459171418,32.6743894889725,32.6995236584106,32.820896916814,32.8813410040207,32.9426671504984,32.793358292724,33.725306946249,33.7957320521297,37.5242394714848,37.2535565453268,37.3959681251235,37.5425073761088,37.6924486425599,37.7476701334736,38.0997883489384,36.4897124626909,36.2384349899153,37.4388810027443
"MDA","Moldova, Republic of",46.4410537978609,46.3010659427655,46.5380152152356,46.535439102948,46.0999167169976,45.2581626418368,46.7484240683991,44.9916750725051,46.1608477727646,46.0439399929164,48.3973751694877,46.7580224335548,47.2601456703767,47.2812165557085,45.7635305948594,46.5238612091994,47.0595190220779,47.1960053345854,46.8447078475303,47.0421301579819,46.7449908164528,47.7413741250325,48.1376667737058,48.7089565518689,49.1397433614838,49.3251677753735,49.9589129163967,50.4270147068775,50.7457321831852
"MCO","Monaco",,,,,,,,,,,,,,,,,,,,,,,,,,,,,
"MNG","Mongolia",46.7644786788954,46.7468474069908,47.3960392697981,47.1691889034562,46.6115194235348,45.6201909340893,46.2674441116807,47.2390976245887,47.1174714457765,46.9325733634887,46.7369746026437,45.8751887156106,45.9330557089734,45.7640316309408,45.6664260979308,45.6023096995868,45.637209039314,46.8972321573272,48.0960205826074,49.3318160412462,49.0921017763406,49.7919102242921,51.4368369273905,51.7048431326069,52.5226106911939,52.1193337984179,52.3470265273086,51.7092182451995,52.0194594078075
"MNE","Montenegro",51.9741578923444,51.9765385659926,51.9800810617075,51.9843874125672,50.695571073849,49.3917701481561,49.4402727742042,49.4550401186891,48.5063928939561,48.3888860716003,49.9594040907122,53.4383843619656,47.9475604213343,49.0328892185086,49.3968651214953,49.7618261667905,49.8375655896703,51.2976211489939,51.3570425680107,52.8718369230017,52.8912962146786,52.2847549512041,52.4631702856386,53.194717484693,53.651003379507,53.4315462616285,53.3479096673602,53.1506195575966,53.3076931273935
"MAR","Morocco",44.4271126884228,44.6195937679703,45.0570665686565,45.412702916138,44.8418003777268,44.1627742413441,44.1193141031266,44.2243240395949,44.0150471552889,44.7524996435974,44.4498714126882,45.1600866719552,45.4186114278325,45.8294283558585,46.4192409345232,47.2449737061316,46.3398627971745,46.7589449023372,47.4665090990997,49.056117778901,49.4301974881268,49.7169460561151,49.8924976672649,50.5533518681008,50.8577829752952,50.935437521269,51.0260836013453,51.2433775130885,50.7162655070882
"MOZ","Mozambique",37.6511774358179,37.6829105786133,37.7267214084214,37.9366234360875,37.8742106228373,37.792830010919,37.1268521347205,37.2343842051789,36.7546882075781,37.0882662363197,36.9530281510588,36.3100206329722,36.5574869069717,36.7482320859711,36.7063301396984,37.0140283454428,36.939105596107,36.2053458734054,36.253336229776,37.015635973152,36.8649336488479,36.7558747325238,36.4868900812113,37.1796201071121,36.9942002408639,37.2371818002997,37.0352984010833,37.226111052127,37.1872706579091
"MMR","Myanmar",33.0402573944909,33.1060350936405,33.4333339366908,33.864587425573,33.9162230883384,34.0349571848817,34.257362456253,34.4737485906396,33.746052537822,33.0626191787601,34.6501324094379,37.687905697141,38.2346586365806,38.401769450533,38.391585688153,39.6700108184743,40.1303136284882,42.4691831990134,32.9838892574562,34.3146948540763,35.6294266846057,37.1899742864477,38.2625087232846,38.0639551363012,37.9310570284395,38.329493490541,36.6584527298274,36.300745375087,36.1444848443208
"NAM","Namibia",43.8314106922931,43.8308824178161,43.7424598608089,43.7317991111759,43.8682323874271,44.0933764025369,42.8733105809367,41.7089345857844,41.9692479692218,41.2824414221978,40.8610521955956,41.0275676214171,41.8915027299581,42.9855345101116,41.584818738472,41.9111428562574,42.2166216571255,42.8351966304812,42.9010492710423,43.4358053545337,43.4543146671724,44.2958201061638,44.906141859391,44.4530830849548,44.4445181256039,44.8332527938222,44.7264682831889,44.9586374188898,44.6136976948072
"NRU","Nauru",41.6825289139318,41.4251401084959,41.2674523330797,41.3048425137322,41.664392466179,41.9115509623123,41.2019694864761,40.4670961712334,41.0872153683264,40.3211117971665,41.5686159120306,41.1422020135142,39.1078080276728,39.1383440952564,38.2865437615028,42.9184211537367,42.2459760799605,42.5668982670824,35.6604553617362,39.3666725957607,49.435736190341,52.7886726074912,50.485479342502,51.8942507663796,52.4045292210946,52.8888367808237,52.1368381777308,52.7285199681009,52.5670051560377
"NPL","Nepal",37.1989528456264,36.746280182796,36.8875607761573,37.1272724047566,36.8852823657931,36.9655603289016,36.8519807378032,37.5750898062314,37.1092956698757,35.7950521876587,37.2773962718644,37.3421214330149,37.7479375012229,37.7737929621481,38.2948829861804,38.7005905969876,38.3951349141824,38.5676867642193,39.4622061640251,40.5292869300056,40.6496328038177,40.9547925319143,40.5117221622387,41.4798729731111,41.7046275745658,41.5836767267363,41.5230176857769,41.6873178971724,41.9457148051739
"NLD","Netherlands",64.4528441415378,64.8227811535915,64.7384268336913,64.9567009322733,65.2652137580377,65.3350790455074,64.6351127365474,64.5734534065489,64.3720494700326,64.3980615310472,64.8249785454498,66.3707956589054,67.2964442435828,67.9002860276211,67.8435110361007,67.9544509856229,68.3936292333294,68.1601118332124,68.3196633633377,69.1299228417831,68.4025184552011,67.7764329432808,67.2616654883795,67.3339781720667,67.0741818682251,67.387191727378,67.5216405078684,66.6856512751482,66.660290410511
"NZL","New Zealand",66.9689104419889,67.0711904881997,67.2588199175307,67.6212649637508,68.0225838915689,68.2938544639614,68.8071523135777,69.0881124671641,69.3289671060799,69.7306461273639,70.1431315332828,73.2002624284775,73.7434835047474,74.0514528861462,74.510983536758,74.6991713439473,74.6051972976444,74.8234783637268,74.9971926392299,75.5682161327705,75.5295205296769,74.761619794423,74.7009888642289,74.3227656314669,70.2627010648377,70.1810085341009,70.4555322122407,70.369686545781,70.0301002709315
"NIC","Nicaragua",40.214589092485,40.3308643340613,39.8302861674346,39.0927959099966,39.3893934408489,39.719376531403,40.2647410601475,41.5775528740072,41.1556306268332,41.5274691200942,40.620141221009,39.3993479471578,39.199219421863,39.1636342362005,39.1928408979624,38.5175570344503,38.5109310109035,39.3733180833559,39.8203641694402,39.5814596582848,40.0118430882306,40.161919529607,40.2504914085923,39.6975107646555,39.4270341252145,38.7169793482238,38.5544569971182,38.2875368912438,38.2800458319777
"NER","Niger",29.4608909379552,29.1919896289871,28.8901724633863,28.4774481531469,29.0139457923972,29.1817848383967,29.0725625984627,29.208803237801,29.7819302353202,30.0060344557549,30.4625903147052,28.6753492456959,29.8179682259053,30.1264430626733,30.9060283895663,30.1648399363425,30.5540460763229,30.5893529646058,31.2252505837983,31.1501057348173,30.7478527060202,32.3695747522288,32.6652773819867,33.985745028432,34.530975366042,34.0211324116678,34.3211067395901,34.3968616812535,34.6342459971928
"NGA","Nigeria",35.8735914439672,35.9053022806596,36.0095599721444,36.1049520055694,35.745829461418,35.6276072140539,35.9182195835696,35.8188682093947,36.643661534082,36.8499135608605,38.8948252186792,42.6410784198304,43.017232416538,44.0984243248699,43.6076785849554,44.8882291379277,44.0111091350177,44.3464653123276,44.4317506646512,33.5597648145925,34.4574715190062,35.6301193994909,35.5308460267153,36.0742687138788,36.0556342491345,36.6182114428686,36.6086882077872,36.6650475255002,37.0644657374059
"NOR","Norway",70.2228293964599,70.5159878945591,70.8264631238238,70.9841264641325,71.2710397834956,71.410532616301,71.5209803427885,71.6595323140643,71.4992655559375,71.243432578217,72.4655298180305,75.3552905224848,75.188582133336,74.9498884823712,75.1159116100588,76.1317311813398,76.1777991473141,76.4976500053383,77.6411469704572,78.3151199668366,78.2720745601278,77.4958438540043,77.6138723504685,76.9236661617026,76.2700194875748,76.0046582733031,76.6343950685344,76.6347703920986,76.7894568307142
"OMN","Oman",44.9279109225506,45.1182526587878,45.7705588204273,46.4570388910211,46.4920089034002,46.6939719683869,47.144635590094,47.6141457399825,46.8625851134536,47.2048754789147,46.7255651253435,48.3635923944295,48.6844159965269,49.4144518251562,49.2093809655221,50.1196293245839,49.6542075229741,50.2842679433998,50.7342761743988,52.2278068158375,52.106781685114,51.8449524139973,51.6731594105069,51.9166491653853,52.8019992692755,52.0309197000142,51.4777691425353,51.545820355501,52.2522495989099
"PAK","Pakistan",36.361079479551,36.380323579252,36.3769087994519,36.5452842567982,37.0976082001478,37.6605080156709,37.7795612683804,37.6361452285531,38.2808249600172,37.2181731013513,38.7747157646421,43.4178165463914,43.7588219952792,43.3730905644588,42.9662070082408,44.1603407874438,44.2257719398692,44.901657683168,45.545924444276,37.2068866316225,37.3594465989896,37.0061690072422,37.2960249515437,37.2740361799068,37.6960049792933,38.6863486114132,38.7586705688308,38.6388806116208,37.8904252642538
"PLW","Palau",39.7237005000054,39.7765205997108,39.8555105750243,39.9398948145431,40.0280434408798,40.0872992379418,39.4719410748026,39.9435195417315,40.1172932889491,39.6761780950187,40.4363846011509,40.9256920904774,40.8482455035356,41.1623745603764,41.0334782428706,40.2702785592294,40.779600259005,41.4751645977752,41.4476063642773,42.5401349628507,46.3216382125116,46.8272621552032,46.4712414528344,46.44798527776,46.2954116204383,45.8880954436469,45.8415794718265,45.4964881855772,45.1430541187874
"PAN","Panama",43.3146782022667,43.56741080498,43.768844869884,43.9493975070417,43.8886312560055,43.6171775154854,43.7474275639538,43.8561186936079,43.8383230211998,44.3310692302482,43.9577430894347,44.4269395717767,44.82274711497,45.9010146058976,45.2739653816841,45.6918213736988,45.983502363246,45.8284907063239,46.2684001691794,47.1198695243022,46.9647245460382,45.8755772753579,45.5193073679005,45.896491235344,45.2571223781138,45.2802005027357,45.4432092330583,45.5494911585257,45.6312565462666
"PNG","Papua New Guinea",36.0428049180411,35.843380442632,35.1462035479063,34.6476722283262,34.5426972267557,34.5943357267569,33.4631386480831,32.54704784486,32.9193811043194,32.5490262023793,31.9976291011776,31.5610189882038,31.711136316045,31.5885391058432,31.0989988323731,32.0552793452387,32.1598109263664,32.5764751486068,32.266779686994,32.667605915686,33.5814114226057,33.5780691056585,35.5851970936854,35.2489418882759,33.9938102626961,35.9927407060242,34.7430581851843,35.0443761098221,35.2374451152111
"PRY","Paraguay",39.7273811432523,39.8538206772832,39.6856320407087,39.5209941489452,39.6845214144283,39.773878496074,40.0956817091571,40.4559726515505,40.4295720892421,40.7927723816857,41.384687177727,41.187184631633,41.3925592264922,43.2936244883649,43.9689008050573,44.2345591349846,44.561674869499,44.3181831424939,43.8133296732246,44.5778436085473,44.8070809693186,46.5140073365917,46.6371967732413,46.2830310977536,46.0127358170828,46.1701696475638,45.5389393479002,45.4156518671696,45.58655900571
"PER","Peru",43.3137400185228,43.2511863322135,43.2371898136572,41.8791611915442,42.1891192780096,42.3158842433591,42.5096012595175,42.7472688383011,43.4055316928471,42.7526238651112,43.1177545693755,44.3988295399528,44.4420763690493,45.208791811885,44.5006421186093,45.585711352944,46.1123932796579,45.9604532269754,46.1839854283188,46.1235104513151,46.171858836757,46.7853097978864,46.1978617717557,46.1670945237995,46.6784803923996,46.8401957189322,46.2781460194486,45.8036520328503,46.1859688576508
"PHL","Philippines",39.3117610387405,39.362483729687,39.2986254612239,39.2827275380294,39.1336018771247,38.9914936317277,39.047040969437,39.3445690119358,39.0892489138135,39.0274579266645,38.986526885233,38.093536732009,38.5824402406261,38.4696112427305,38.5521818925664,38.9141222085519,39.6783291827089,40.4228942760114,41.4070490034735,41.7977558477506,41.5259580243465,41.1875720135139,41.3447197104689,41.058120836799,41.4074546688432,42.358746312714,42.7547069369605,43.0895797644177,43.3879284236552
"POL","Poland",55.7883067709333,55.7804631641115,56.1083644070345,56.3165629215239,56.2234913359805,56.3251630890809,55.8436573081754,55.5640341658002,55.6632803300298,54.7572931811518,55.1808774023138,55.2633118367307,55.6433772273063,56.5621016344756,56.7222825717928,57.3715417238753,58.1756377993473,58.9991984944566,59.9624788761112,61.4496756492142,61.9708719170002,61.9535371827792,61.7083605708555,61.5158971758468,60.781096085353,60.8031461828151,60.3885316192057,60.2663644436607,60.46101220475
"PRT","Portugal",53.8145827983491,54.1364579052831,54.0618788633825,54.278135305507,54.2315719827997,54.21329129092,54.5032575062086,54.9794101830995,54.7965034957573,55.0568860599201,54.709443606725,55.4632420704962,56.6692831457736,57.4822040333537,58.0373539564489,58.5759839603542,59.2122050443616,59.7633102914454,60.2428043562749,61.4386159352963,61.6359517157463,60.9548060136342,61.3149119215916,61.3417369200719,61.144025186842,61.1834186517583,61.5190155410805,61.5483454186725,61.4810648467884
"QAT","Qatar",48.2145585874493,48.3226790579753,49.4578347911007,50.4548064202756,50.3987182646503,50.5871912574866,51.0117571078323,51.394856867705,51.0435485966178,51.2162077153044,53.1066703097296,57.5418544004733,56.9610154718277,54.5815247620728,57.0298427290902,57.1791110355551,55.4792531577034,55.8525060503259,56.7207629968733,56.6070821382598,56.1533342584862,56.3492948381556,56.1468769874544,56.2623686038156,56.8915617045575,57.7479663891656,57.9461036967223,58.4578732913136,58.0395465982236
"ROU","Romania",47.0836210558923,47.3775650344773,47.3256547480174,46.8488819765195,46.7016522357676,46.6639558439135,47.046387539812,47.8718675515373,47.4598399961261,47.8400925702678,48.4083941212704,47.9271698225658,49.632984423878,50.7932760237756,51.3983089309153,50.2565630106483,49.6948134918629,48.5082848300107,49.1811422738864,50.2685797036492,51.0245751618639,50.7137016768006,50.887679681951,51.2495967784037,50.3719731402755,51.021025244021,51.0172466692471,51.3146268933874,51.4451157086373
"RUS","Russian Federation",49.3767186045418,49.5164833438737,49.539923143603,50.067652082329,50.9823549185846,51.5581305287756,52.0384427683321,52.3565475208534,53.5662100652592,53.3647994021994,54.8141356323307,58.6027144555663,58.6719143223034,59.1217355645474,58.373126830107,60.3573092279768,60.3727179693895,60.9500856932995,61.3380216671254,55.5110404444077,56.7051968713056,58.0079986529638,57.6092551816674,58.2478043926787,58.63901389031,57.7214803936963,57.2142534278362,57.1088820277071,56.6367011245904
"RWA","Rwanda",31.9053025634554,31.8967795353417,31.9574031086998,31.8670748365568,32.026429245804,32.0677516756545,32.2224192256163,32.5392657269881,33.3088757721735,34.017595206032,32.7845246146051,33.2592631387444,34.1344262285159,35.0769123111851,36.0964847736523,38.2238028399386,38.5781502992819,39.2547099552957,39.5273225554604,41.511542334782,40.9239111149571,41.9325367863661,41.9702030066266,42.1683644632353,42.2985972872211,42.949685578114,43.0704221749003,43.0625885508384,43.5684277423083
"KNA","Saint Kitts and Nevis",,,,,,,,,,,,,,,,,,,,,,,,,,,,,
"LCA","Saint Lucia",50.9631140071292,51.0657819251167,51.0825076982375,51.5639034821853,51.6311855679962,51.7995824870485,51.7629558683203,51.6849385323781,52.2959826058352,52.0469005995377,56.6915150748697,54.3788319526366,54.4203072964482,55.2928380758673,55.5310173289055,55.8359998200529,55.8695904390661,55.2018143970383,55.8028485867043,54.0815703477797,54.5488241229691,54.5808496304986,53.9821600814978,53.68853587611,53.3572738704792,52.2811460483796,52.2698915736313,52.5861112477288,52.4998686612125
"VCT","Saint Vincent and the Grenadines",45.6044562513952,45.6660990816743,45.7757396109425,45.9009162843467,46.18747591139,46.3700211123669,46.7607740239048,46.48236971827,47.0004315830261,47.2076347404779,51.4959291783512,50.2250131355326,50.2094532554367,51.1608978180684,51.4902390952702,51.5503653978823,51.8019683455103,51.8872904295768,52.1205528142374,52.1469434473398,52.0958734734291,51.7978931356163,51.4907737580221,52.0112338093099,51.9077904750438,52.131938944821,52.2253350368692,52.8926814001353,52.9978936928027
"WSM","Samoa",40.0676134377851,40.1094615034273,40.1515009881906,40.18986341849,40.2524219542843,40.0846183319531,40.1337238255779,39.7139578603325,39.224659731693,38.7449928458661,40.7147078271461,42.3360415068142,42.2120368213988,42.6985921227496,41.9678282236559,42.949946579458,42.8326567466468,43.7636862338948,43.2149023481982,44.903471455855,44.5268189625475,44.1105269823605,45.9795623277974,46.3476953779993,46.3283091902482,46.4494168797691,45.859119685304,44.799653577899,45.3718446033811
"SMR","San Marino",,,,,,,,,,,,,,,,,,,,,,,,,,,,,
"STP","Sao Tome and Principe",41.8211137606136,41.8560061009889,41.8699587661472,42.0342738246943,41.9881244312871,41.6050150897416,41.4290781845033,41.2229889902251,40.3127848394162,39.0880356706252,36.2379527802237,35.6181434742769,35.7276153992789,36.0829784799266,36.5005259318294,36.9302843104359,37.0579157145781,38.776520702338,38.8921594037457,40.1163144313259,40.039079651372,39.9029692171883,40.9429033046987,40.7829755879348,40.7301732893472,40.7559073860068,41.4898111523317,42.0465339001867,42.168170519868
"SAU","Saudi Arabia",41.3321335805445,41.382789642759,41.3282776557668,41.2013417918199,41.5036616996057,41.6777207407518,42.5414792924735,43.4189045812341,42.3229014346247,42.097245669071,43.816854632021,44.9674124551613,45.5836600594221,47.5826676132207,47.9378348590684,48.990048911587,47.714573949591,49.1044545551169,50.2601109958349,51.7108359683714,51.95676513184,53.4301473256093,54.1304833021786,54.4565166038167,55.7420629216536,57.2940050387988,56.6251285284987,57.0897059357455,57.8714050053348
"SEN","Senegal",38.1548226809643,38.1097195826172,38.1489914133463,38.0449062805575,38.1374130870961,38.2827311570558,38.9872012783016,39.8133067512062,38.3677465187064,39.1646871781914,38.2934716139189,35.8400988355176,35.5325778173311,35.5783272021057,37.3512481913401,35.7933822494049,36.198670803319,37.0808993961953,37.3018835310435,38.100794648182,38.1368112835405,38.8385918397791,38.2761226744374,39.1128254963417,39.5878191204462,39.9517393230043,40.2204769258364,39.9548971065109,40.3798987559356
"SRB","Serbia",43.2042907218173,42.9548750325333,42.8085050821701,42.793471855048,43.0685986992867,43.1650089541003,43.4119836102888,43.8419120747324,45.4100863812263,45.4120599377314,45.0761544484241,45.6407619587645,46.0349180963285,46.239159254971,46.0474783342748,46.1633874780893,46.1409550252338,46.3010702601159,47.4005497014174,48.4272055768818,47.7584408709063,47.9936168478866,49.3894566614417,48.5048553412091,48.4263970777453,48.4022273301302,48.5393485729209,48.5897082665276,48.7748322860527
"SYC","Seychelles",46.7600202768189,47.3015048589017,47.3141900262915,47.5641782508954,47.8615483313025,48.3907097576546,48.2262897632589,48.1739354490623,48.5530841585144,47.624206123055,47.9279762873788,46.796509792729,47.1533315119761,48.0035045829812,48.3706111104564,47.787536617167,47.6793592068398,47.8258881788925,47.9601063158407,48.8621458247357,51.1697311039959,50.9532404719331,51.786874222731,51.7557599446716,53.1784927384911,53.8218050212789,54.5381953831509,54.3828491975848,53.7967665828509
"SLE","Sierra Leone",33.4461622029202,33.4153537178236,33.4593557668195,33.4971273564487,33.4544380091987,33.4186167885098,33.209277584889,32.7887767534775,32.9243458464275,32.8651355992057,31.1927625297627,29.4052298188675,30.1910453339481,29.7744796828289,30.5405644516255,29.8198500018643,30.2813728722535,31.1655935175379,31.3095666228144,31.8916733057345,32.2368359148838,32.5675738490499,33.6150170268967,33.8909027383052,33.9863565542512,34.1696453365828,34.2169437663906,33.7769780307489,33.757651424687
"SGP","Singapore",59.5265499784026,60.1822181052132,60.6873020209842,60.8318887074678,61.3828255440498,62.5790415725712,62.7127371782402,63.4996614541571,63.4520612977905,64.2292596076799,63.7395795682185,66.6861371590138,67.6728276589159,67.9615443247779,67.4036579472901,68.7703874997619,69.194167561361,69.3634894014146,70.0350347418633,71.1009943156154,71.1179432051406,70.0234199824678,70.4377796457532,70.8098113226431,70.7153654197149,70.9188424962788,71.2399054504498,71.0637202408457,70.7902244177902
"SVK","Slovakia",50.649019538216,50.3007106008551,50.2182807124381,50.1176683873027,50.6235363277904,51.2247963717518,50.9941593306668,50.9503663232638,52.187287113584,52.5844100136663,53.3709632186148,54.5388327426053,54.8595042379506,54.7701536084635,54.9184672643171,54.7147795024272,54.6610596899872,53.898715499535,54.2350703021709,54.8254686876397,54.4801327073101,54.6324365325906,54.213536418758,55.0810477702285,54.66465103122,55.8220247955425,54.941363085849,54.7444280465885,55.168680768158
"SVN","Slovenia",58.7075468201859,58.5069018753286,58.6771863548809,59.6065518068423,58.970643708014,59.1723737021363,59.3386841996382,59.323353632247,59.8969155629757,61.0845344395593,61.0798333105432,61.3783171904862,61.8013057773654,61.0876577082724,62.693448734638,63.6942777596627,64.2502585843449,64.1505859143831,63.9217048358574,64.4553340250998,64.0899167706334,63.9319023692706,63.6045451691726,63.4221806275984,63.2870865949431,62.8234276353446,62.5509572445362,62.756343649379,62.8469629826294
"SLB","Solomon Islands",40.1819555902756,40.1787611466289,40.2804648429017,40.3401984104221,39.8334978822272,39.0225411139517,38.9804672545536,36.9216841324549,38.0540349045741,35.975639463945,35.9733866100314,34.3535951757049,33.5125661283725,33.7752283974361,33.9106393629889,33.4574020948219,33.5616421343373,33.5232007579477,34.2896344462908,35.3560802034342,36.6222249860985,36.125721209127,38.9513214689818,38.7188159750032,37.0376580512,39.5164666387793,37.8618032181765,36.3567637477007,36.7937575227852
"SOM","Somalia",32.087646927201,32.0339806002892,32.2810403242135,32.5333322218154,32.3075222775747,32.1437461085934,32.8360712309886,33.5252415087736,31.1560854236392,29.3410000568796,31.6819988014794,36.6842032886657,36.8552352578809,36.3970755498936,37.3376165020488,39.4866122422019,39.5689519506938,40.3966696634324,40.7218140952705,40.9600755966564,41.1121787615993,35.9498253292867,35.7103526031481,35.4276768294928,35.7293122021576,35.9371605979575,35.3300472972772,35.3486572532986,35.7277822714654
"ZAF","South Africa",48.1916330095149,48.1102055636769,48.0202395412817,47.7725190170676,47.7292935216025,47.9636291063856,47.5778102994504,47.3145016960364,46.9370483021691,47.534660892642,47.3976219353793,47.0434808501743,46.4295411483748,46.2610631534599,46.4347315847622,45.7148323056849,45.5368295938163,45.2921524321444,46.034586494168,46.7313418491964,46.7177798090543,47.9960620742293,46.9900443450962,46.7438953136678,47.0337274236925,46.8603147135462,47.4197726276826,46.3955255180428,46.5975995010881
"ESP","Spain",57.9911471468811,58.2086253282079,58.8309124745112,59.4248050539245,59.7362696029546,60.1790058160149,60.2118919421709,60.3181755927815,60.8152823015218,60.871418930384,60.9649996192321,61.3400479128774,61.2460030809173,61.546194721199,60.8708433464452,60.8758647741173,61.0779324331338,61.5223307659896,60.8850204845965,60.5731276335644,60.6048143928052,60.0479221586688,60.2097375567363,60.3219048375062,60.2528627745255,60.5272504809885,60.5771047033233,60.1921083617437,60.0844271473413
"LKA","Sri Lanka",43.2951104559303,43.260586256527,43.2713038104741,43.2509579641407,43.171447757935,42.9058526072304,42.822419741179,43.130546726893,42.720399113371,43.2342183563087,42.1046698324135,42.2967225231975,42.6141507843231,42.6765843467623,41.6293628085866,40.6153870671257,40.5402718647568,41.0510496380063,41.9353526739607,42.2878443201485,42.5445346217379,42.730811287842,42.3747287132877,43.4604796036088,44.7828744911775,45.3062028567002,44.8740561897093,43.9850041053028,43.9487495725759
"SDN","Sudan",32.0359998315644,32.246604430485,32.517508693544,32.7749243251118,33.0616465316622,33.0628058003145,33.2506549525951,33.2698309397781,32.8101233449276,32.6311171575283,30.9794602282182,30.4064644741796,30.4652751367847,30.0685824862077,31.1344518869431,30.4980465834544,30.3973633528672,29.4619326740303,29.881304685147,30.0678098848539,30.0896910501147,30.6239223415457,30.5863007701167,30.7463199421353,31.303459427471,31.0283744346012,31.3472902188194,30.4851475845699,30.1920674452417
"SUR","Suriname",46.9840152904991,46.9871849873057,47.203427845617,47.4151649722594,47.8179583802992,48.212153122649,48.5897219923844,48.0344759258468,48.3024205292971,48.438065132044,49.4695265518033,44.5108905709334,45.2244040607454,45.2491857341883,44.1901644884455,43.3522980812034,43.6818608927946,43.6695803895857,43.8959543934093,43.4895053213623,44.6379338177697,44.0682866676889,45.1962063013312,45.1685139085019,44.3001224141292,44.1108981998139,44.3363291484012,44.3152107044926,44.3502229241708
"SWZ","Swaziland",42.5682140868271,42.6034009920603,42.7475695384473,42.7184669039498,42.6396841159435,42.456399222146,42.2229998126977,42.319233811248,42.4259987316551,42.1421738519143,43.2799546720022,40.8000249167542,40.9940573993152,41.3936008412596,41.0785442749674,40.3763792485195,39.9226164281204,39.7871981335543,40.2152824941818,40.5083757077344,40.6700310875157,41.4381644645573,42.7933957961497,41.8532576284409,41.6773066596424,42.08340057941,40.6054549244383,40.796866497905,40.8628774684955
"SWE","Sweden",66.5514864335874,66.6547330832393,66.9422644517007,67.1915026739971,67.7538046021826,67.9659603659119,68.1592668894532,68.5095282573144,68.547470632245,68.762421243107,69.040049865467,71.6864854547733,71.9064021424651,71.7270053289154,71.6796679072173,72.4971626348265,72.4294658762289,72.7761556285392,72.6293111499406,72.6996520360616,73.0332949291056,72.0902813820421,72.1136318528634,71.690411659349,71.3814769541589,71.1727291582621,71.4885374828723,71.2363765504882,71.0960124736966
"CHE","Switzerland",66.4124215056993,66.4320054743793,66.7326954027081,67.0365063523058,67.3478235356856,67.5917235379423,67.7776378989094,67.9925665050851,68.0198400690317,68.0324827746644,68.7347726704241,71.2375464481075,71.9966306282571,72.0127695249877,71.5561945495683,72.3247980074761,72.0454953283938,72.2384936546572,72.6898406488804,73.0579006486609,72.9708817024125,71.6979255018489,72.4871018136817,72.4483327117232,72.4964086719129,72.8099004398581,72.5033200183523,72.8148341890288,72.893947633591
"SYR","Syrian Arab Republic",41.1274880085122,41.2210590351248,41.288726811198,41.2918687541571,41.2914744465347,41.4238315542543,42.3845145814392,43.3693732490715,41.9595939275647,41.9972247514248,41.7281462038281,41.1092263450312,41.0862711465825,40.4748175410813,41.2746380566959,41.0335960183149,40.9263996019487,40.3683177567917,39.6578295329698,38.1887635412777,37.7472311697301,37.9593615150511,37.3104779397988,37.0470360761991,36.8671792266119,36.5011990094356,35.8687023314522,35.5652039564619,35.7023623060071
"TJK","Tajikistan",42.4709848911941,42.4900524611187,42.4013715111658,42.4390495131271,42.4196044990324,42.4962488896184,42.157935249613,43.2492890998518,43.2070752002489,42.5974195394333,44.0073068857366,40.9737290117771,41.1305641773569,41.0951127895146,41.1181283887986,40.2845162745597,40.5299769520739,40.5509464654793,40.8802682023474,41.9079992557351,42.3954122569013,44.3050707514789,44.8680234168964,45.9358887903886,46.2348122650511,45.9065344626496,46.0291180173649,45.822686030494,45.8740461071871
"TZA","Tanzania, United Republic of",36.2108424081923,36.1323762238648,35.8966236454527,35.6863628860444,35.8088198511455,35.8079651718197,35.801746728288,35.9603389205754,36.4552179503952,37.0895545490154,36.4061964590636,36.6517485135515,36.3488622035633,36.3283787065641,36.0734126706997,35.1431442048083,35.165524108683,34.8994394215479,34.9836078430955,35.5664576074739,35.8487904034442,37.229953119203,37.3943868672181,37.5377138589584,37.789119274772,37.8960121648957,37.8734319802749,38.2216355383266,38.4334417148386
"THA","Thailand",44.1912848384273,44.1856848968592,44.7399016585356,45.4061875276126,45.3840673540676,45.1434686336158,45.2890906804049,45.3804048864521,46.1243753825278,46.086342602546,46.590597974887,46.0442794889622,46.2308693260608,46.4354421859945,47.6210869158774,47.9970321523653,47.840772593748,47.9571374894321,48.5046527573735,48.8468858592606,48.4808760776645,48.4102069215582,48.3788998801534,48.8883841991621,49.0916370052157,49.6975737237445,49.8765890390752,49.996801490219,49.8802686952908
"TLS","Timor-Leste",41.0980143228706,41.0956633529945,41.0962554250826,41.1001026043374,41.1053524608127,41.1094845558503,41.1120648309522,41.1159807042525,41.1322094737069,40.2240787316501,37.012538390105,35.5510837286129,35.4792700125306,36.2552563903687,37.3518123080089,39.5716546140971,40.3462907536671,40.739971167133,41.1654441120153,41.7633207855382,42.5399513554399,42.303358090865,42.2407860317042,41.8243112186607,41.9912808652753,41.3557393577724,41.4908990485779,42.232046413123,42.3103688053554
"TGO","Togo",36.1203285613446,36.1505432209558,36.296930359249,36.4924697443686,36.6570880120315,36.9338936503816,36.9789195483645,37.0615221536857,36.6700759059221,36.570958501515,36.3963962797854,34.4739134943236,34.9918934353852,34.926732157688,34.3782962652304,34.943476300272,34.9581894420857,35.0919712266809,35.103208905361,36.1658807752177,37.4233226550104,38.2745817688651,38.5272288211627,38.786297661342,39.6683656928769,40.7910104632394,40.9687793435521,41.0829781547961,41.1374717024631
"TON","Tonga",36.3511097031618,36.4910331288279,36.5141597379854,36.6481132608224,36.6931721734329,36.8610161539836,36.1641673474486,36.7043538544192,36.4714566985429,35.3630576633826,30.1867498483649,30.8291215764214,33.1032336424348,34.0406251345223,35.8274646639267,36.4151933624128,36.3302008148383,36.528473952287,37.6694394927678,37.4775042625542,36.8700814843274,36.3861005825865,37.5885513966449,37.9872863346831,36.9930999872209,37.5054622843388,37.8666224254059,38.3313126284252,39.2734063333107
"TTO","Trinidad and Tobago",50.5605186590995,50.3052843214537,50.1703407941749,49.7816577509343,49.2390292848382,48.7682039823218,48.2154214717593,47.8974261281267,48.1153955657319,48.1263397936603,49.3465607072872,45.1203459634528,45.5854433211672,45.4741083086449,45.4561013187579,45.4449231535178,45.8975799423678,46.3317628060316,46.5563747391299,46.2832702566143,46.8240462005844,46.8073197493045,46.5387785180686,46.5030518717781,46.3427748701442,46.5572565045639,46.1436490631406,45.8843857627231,46.0487830887156
"TUN","Tunisia",46.8146077087476,47.0366742339771,47.2892819894099,47.46089974648,47.7238782925276,48.0056291965505,49.1937309940854,50.6691256990286,50.2625497288315,50.3983478535337,50.280484799234,51.192354199436,51.163710344992,51.1200435198663,51.8570343232194,51.8089773419089,52.662752241476,52.5776152780717,52.4440581248752,53.030084796709,52.5444562865436,51.8153330426485,51.6429650743896,51.6163275330328,51.8175215590111,52.0571084858126,51.535127504767,51.4491519951169,51.2466094771647
"TUR","Turkey",45.2835669185443,45.3986218691765,45.1878808647915,44.8908104829728,45.2739738459183,45.59010081343,45.1953125672808,44.8131614058155,46.3661698979662,46.7050655915165,48.075295111048,48.5224850394666,49.5582501755578,50.21077559865,50.403946229689,50.6770660008151,50.9915742436529,51.9348312713256,52.4057267496786,52.5684280390908,52.9723750152728,52.4935022215834,53.1613464280947,52.6378705346228,53.5690479342367,53.9231760727439,54.1111767551464,53.994046261682,53.9027914219218
"TKM","Turkmenistan",40.0550704959398,40.1011592430917,39.8835154868963,40.0124110676527,39.8375152742525,39.9627827548597,40.0749034324345,40.1128706885104,40.4006060738155,38.9737092064638,38.5690264281404,38.2942221617131,38.331436999522,38.5464445257916,38.5800612726927,38.7860929812322,38.7406459199164,39.5704706558436,39.7975949839398,40.4755777125547,40.3814974211677,39.5351628839467,39.7856748052964,39.7305163756665,39.7730388395196,39.5537483655914,39.6175091865501,39.7618334041741,39.832157850758
"TUV","Tuvalu",51.5121118880262,51.4939097568638,51.4832080883236,51.6806633164104,51.5466495537965,51.6526985561841,51.4359978615884,51.3366874019708,51.2674577312983,51.588670345903,41.184351263119,40.4701429573225,39.9268527192924,40.6628878388434,39.3826170427573,39.2903923939005,39.2575006623845,38.667857990683,36.3590896993273,41.9666092435162,41.2615017421994,42.4684085083779,42.5573832120396,42.7945009866072,46.3511261426163,47.8464410879028,49.29923869894,50.0334394068208,49.8750544746363
"UGA","Uganda",34.7228228243316,34.6315847851657,33.825097649804,33.2361510253239,33.1051542241864,33.0209731578349,33.1018229505717,33.2757333651133,33.8735158844063,33.927118801914,33.4203201272436,32.5531827865564,32.8637018415691,33.0250422906856,32.636178070172,32.2975022382611,32.6612736656872,32.2575886696314,31.9854538648142,32.5101709876193,32.6922142905841,33.9824651197959,34.3607596373161,34.6327763955391,34.1848332417473,34.254822130807,34.325529472346,34.1402555680131,34.4234695272471
"UKR","Ukraine",43.1558790224562,42.9276869007126,43.4390310772853,43.729994136569,44.3939678371179,44.9053010102933,45.80178816738,43.8054955393431,44.5263624264963,45.810391517741,46.316644891537,43.6786073297614,43.9235692952095,43.9248404912104,43.2041851878096,43.1554219329081,43.4506390048786,43.6306334053354,44.6830413816886,47.8023064509355,48.1592764765768,50.2449540260298,50.3139883536842,50.3371533621266,50.8718716015641,50.5655196119483,50.5794534131898,51.3427012658524,51.1622585932652
"ARE","United Arab Emirates",46.3903123469796,46.4313360991914,46.622975722403,46.8793648830242,47.1772414665353,47.5623748938157,49.709157961321,51.7965672585626,50.7712569617467,51.621155118212,52.1025843389666,53.7952247585273,54.518784097278,54.8708712540896,54.0769075606011,55.6029139909395,56.4806769031931,56.9908679857859,58.4476555254733,59.3465670176454,58.891463536747,58.5738505301344,58.7808540675958,58.9208436024239,58.9297615001828,59.604031756343,60.151056099529,60.1811702057187,59.9463710254847
"GBR","United Kingdom",67.6263045415071,67.7431000018724,68.0173695672478,68.2682612755143,68.6108545963257,68.760129451691,68.7545832954051,68.9927143345072,69.1018617993562,68.8453023814049,68.6378699744584,69.6879179446231,69.6704325763445,69.4092845888094,69.1576185371669,69.9507654539286,69.8999589488052,70.0260497938114,70.3595684845916,71.6382779157715,72.3103958283085,71.8941060950847,71.4918177659362,71.2297315696877,71.0524114020241,70.6339530811489,70.4981867127639,70.5099222234334,69.8538746795106
"USA","United States",64.8730753450986,65.088527960105,64.9719316882363,64.944815995262,65.1616734331612,65.4668205014639,66.09236638185,66.804352565539,66.2442570888519,66.751954288499,66.8122802016814,69.5502587176243,69.9039976193814,70.3676242452717,69.8180094869306,71.0225002045023,71.0600594227491,71.8167991380628,71.6198308739746,68.5537260351725,68.4265720439644,67.7172025130987,67.8384420568828,67.4242480076124,66.8287118179924,66.2985228194835,66.244623924511,66.3804234702153,66.4514142558905
"URY","Uruguay",50.2218057262853,50.2529965030558,50.345891025454,50.3385598650208,49.9210516989764,49.8964818801425,50.0287587148425,49.9497213286291,50.7358904412414,49.6488361888914,50.1556589473169,49.9714373438961,51.3427149124979,51.6741694559577,51.8508827526151,52.6856167489074,52.7019484517444,54.2038862755812,55.0905469344387,55.7938959838449,55.4593214152973,55.1496787353221,55.321344654963,55.7690179836488,56.1724026581556,57.0058045846845,58.0546723824024,58.230203441601,58.013830158151
"UZB","Uzbekistan",44.8057647798863,44.7286075596457,44.6664440705293,44.6261585743504,45.1412083425694,45.6197896496607,46.1784609625236,46.6485207415527,46.5773673893358,45.4521972429888,44.1164837867505,43.0013661560506,43.1275973127062,43.4118518355206,42.755458765444,42.1049486418103,41.7415374316781,42.290536342237,43.0376984616206,44.3655045453223,44.5629128519114,46.6771803041603,46.888421981896,48.6156491786707,49.0183392964622,49.0026101624685,50.1788400512823,50.7615857837899,51.1162212091724
"VUT","Vanuatu",35.6906260605486,35.7481353304963,35.8608971725083,35.9817271003673,36.0267549537615,36.1545667466771,36.3848726833915,35.925617565413,36.9407021179908,35.1133371587299,36.6156351298244,36.6979929901229,37.845433780349,38.3511485460032,37.8164931743901,37.1946676253682,37.6754425694392,37.0851669669738,36.5905842437919,38.3618824608495,36.0571535604083,37.1231001620091,37.6144281911109,36.9085449224169,36.65928187583,38.3797649890061,38.5694566068787,38.6584677537902,38.4656560540738
"VEN","Venezuela, Bolivarian Republic o",43.2269781917509,43.1622093427295,43.1287173396096,42.9431346175655,43.5747918938228,44.2158230657101,43.6372317327204,42.7187457955861,42.5943649348697,43.1534917529883,43.1828569121132,42.0769835605717,42.1559461427102,42.0882938800457,41.6963952433668,40.9714126751662,40.9816691755142,40.5889326632703,40.5059951346674,39.955631890891,39.9169543781787,40.8014934589278,40.4530573838783,39.8231686519135,39.9503023326824,39.47258079101,39.2898318599952,39.2098879806706,39.0724489582987
"VNM","Viet Nam",39.2322607030453,39.3345411044363,39.4060689652823,39.5338301821468,39.444313082917,39.583266531993,39.6761189623588,39.7569216367309,40.05466464244,39.269560029886,40.1017021617463,40.7811882960322,41.5252949605796,41.4757821663869,42.1312494053508,41.356055137041,41.7527097728595,42.1402447115063,42.8675985969061,43.6922622067801,43.5788807051339,43.8928226087059,43.5467972021085,44.4454286611562,44.5795393594844,45.3194071788224,46.2566000389174,46.4897236897351,46.0077361846247
"YEM","Yemen",36.2606584844246,36.3336017378182,35.9187328237554,35.6419842540156,35.857824732735,36.0025519713705,36.0873878525859,36.289218265756,36.2658823732346,35.9576653641392,36.972348305965,37.0424233586788,37.396788256467,37.5267634511849,37.7060384078394,37.5577964093893,37.3142002448986,37.4530832010371,36.6932102539303,35.4486980502445,35.2100018356358,34.0631047011285,35.3795025686751,34.7760707663613,34.5457334087612,34.320323198618,34.5012863711775,33.9880399817855,34.237130570125
"ZMB","Zambia",37.9372737300483,37.9184120240229,37.8086293990343,37.522411436998,37.7819024614497,38.000550713896,38.2669263862171,37.5621670710555,38.3009330986675,37.9456441629565,37.8480655841425,37.5674099240812,38.2070431444149,38.4140797758293,38.0856657696961,37.6257592387673,38.3622341253679,38.8793229210586,39.0554467278667,39.8427893454073,39.2117966220629,39.909523098729,39.5160890656927,39.3144193260271,39.5156305147751,39.3293456736483,39.3235046754847,40.3754149387943,40.5819427874149
"ZWE","Zimbabwe",38.0361332433577,37.8229959761992,37.4458090573387,36.9844524097886,35.7649409465821,34.3240499788491,34.2137878980848,33.8455856496238,33.5856744390467,33.3129549622097,33.0708651605133,32.0789037705264,32.2976835032557,31.7917372214992,31.7142123638158,30.8667583452051,30.7561696744539,31.3751910488421,31.2042194370063,31.4394604014649,31.5940930903438,32.421994404885,32.5083110221753,32.9652354798895,33.2178833610712,33.2292968725814,33.5813330118251,33.8217375133489,34.0314816295098
