 Item Code, CPC Code, Item
1185,'02944,Silk-worm cocoons suitable for reeling
1186,'26110,Raw silk (not thrown)
1187,'39211,Silk waste
767,'01921.02,Cotton lint; ginned
809,'01929.07,Abaca; manila hemp; raw
826,'01970,Unmanufactured tobacco
828,'25020.01,Cigarettes
829,'25020.02,Cigars and cheroots
831,'25090,Other manufactured tobacco and manufactured tobacco substitutes; "homogenized" or "reconstituted" tobacco; tobacco extracts and essences
836,'01950.01,Natural rubber in primary forms
837,'01950.02,Natural rubber in other forms
987,'02941,Shorn wool; greasy; including fleece-washed shorn wool
988,'26130,Wool; degreased or carbonized; not carded or combed
