Item Code,CPC Code,Item
2590,'B2590,Soyabean Cake
2591,'B2591,Groundnut Cake
2592,'B2592,Sunflowerseed Cake
2593,'B2593,Rape and Mustard Cake
2594,'B2594,Cottonseed Cake
2595,'B2595,Palmkernel Cake
2596,'B2596,Copra Cake
2597,'B2597,Sesameseed Cake
2598,'B2598,Oilseed Cakes; Other
2600,'B2600,Brans
2661,'B2661,Cotton lint
2662,'B2662,Jute
2663,'B2663,Jute-Like Fibres
2664,'B2664,Soft-Fibres; Other
2665,'B2665,Sisal
2666,'B2666,Abaca
2667,'B2667,Hard Fibres; Other
2671,'B2671,Tobacco
2672,'B2672,Rubber
2746,'B2746,Wool (Clean Eq.)
2747,'B2747,Silk
2927,'B2927,Tobacco & Rubber
