Area Code,M49 Code,Area
5100,'002,Africa
4,'012,Algeria
5200,'019,Americas
8,'028,Antigua and Barbuda
9,'032,Argentina
5300,'142,Asia
5501,'053,Australia and New Zealand
16,'050,Bangladesh
14,'052,Barbados
23,'084,Belize
53,'204,Benin
20,'072,Botswana
21,'076,Brazil
233,'854,Burkina Faso
29,'108,Burundi
35,'132,Cabo Verde
115,'116,Cambodia
5206,'029,Caribbean
37,'140,Central African Republic
5204,'013,Central America
5301,'143,Central Asia
39,'148,Chad
40,'152,Chile
351,'159,China
44,'170,Colombia
46,'178,Congo
48,'188,Costa Rica
107,'384,C�te d'Ivoire
250,'180,Democratic Republic of the Congo
55,'212,Dominica
56,'214,Dominican Republic
5101,'014,Eastern Africa
5302,'030,Eastern Asia
5401,'151,Eastern Europe
59,'818,Egypt
60,'222,El Salvador
178,'232,Eritrea
209,'748,Eswatini
238,'231,Ethiopia
5400,'150,Europe
5707,'097,European Union (27)
74,'266,Gabon
75,'270,Gambia
81,'288,Ghana
86,'308,Grenada
89,'320,Guatemala
90,'324,Guinea
175,'624,Guinea-Bissau
95,'340,Honduras
100,'356,India
101,'360,Indonesia
102,'364,Iran (Islamic Republic of)
109,'388,Jamaica
112,'400,Jordan
114,'404,Kenya
5802,'432,Land Locked Developing Countries
120,'418,Lao People's Democratic Republic
5801,'199,Least Developed Countries
121,'422,Lebanon
122,'426,Lesotho
123,'430,Liberia
5815,'901,Low Income Food Deficit Countries
129,'450,Madagascar
130,'454,Malawi
131,'458,Malaysia
133,'466,Mali
136,'478,Mauritania
137,'480,Mauritius
5502,'054,Melanesia
138,'484,Mexico
5503,'057,Micronesia
5102,'017,Middle Africa
143,'504,Morocco
144,'508,Mozambique
28,'104,Myanmar
147,'516,Namibia
149,'524,Nepal
5817,'902,Net Food Importing Developing Countries
157,'558,Nicaragua
159,'566,Nigeria
5103,'015,Northern Africa
5203,'021,Northern America
5402,'154,Northern Europe
5500,'009,Oceania
221,'512,Oman
165,'586,Pakistan
166,'591,Panama
168,'598,Papua New Guinea
169,'600,Paraguay
171,'608,Philippines
5504,'061,Polynesia
184,'646,Rwanda
188,'659,Saint Kitts and Nevis
189,'662,Saint Lucia
191,'670,Saint Vincent and the Grenadines
195,'686,Senegal
197,'694,Sierra Leone
5803,'722,Small Island Developing States
202,'710,South Africa
5207,'005,South America
5304,'035,South-eastern Asia
5104,'018,Southern Africa
5303,'034,Southern Asia
5403,'039,Southern Europe
38,'144,Sri Lanka
276,'729,Sudan
217,'768,Togo
220,'780,Trinidad and Tobago
222,'788,Tunisia
223,'792,T�rkiye
226,'800,Uganda
215,'834,United Republic of Tanzania
234,'858,Uruguay
237,'704,Viet Nam
5105,'011,Western Africa
5305,'145,Western Asia
5404,'155,Western Europe
5000,'001,World
249,'887,Yemen
251,'894,Zambia
181,'716,Zimbabwe
