Item Code,CPC Code,Item
515,'01341,Apples
486,'01312,Bananas
44,'0115,Barley
329,'0143,Cotton seed
1882,'F1882,Crops and livestock products
560,'01330,Grapes
56,'0112,Maize (corn)
403,'01253.02,Onions and shallots; dry (excluding dehydrated)
402,'01253.01,Onions and shallots; green
490,'01323,Oranges
574,'01318,Pineapples
489,'01313,Plantains and cooking bananas
116,'01510,Potatoes
162,'2351f,Raw cane or beet sugar (centrifugal only)
882,'02211,Raw milk of cattle
27,'0113,Rice
289,'01444,Sesame seed
83,'0114,Sorghum
236,'0141,Soya beans
267,'01445,Sunflower seed
495,'01324,Tangerines; mandarins; clementines
388,'01234,Tomatoes
15,'0111,Wheat
