Item Code,CPC Code,Item
23013,,Consumer Prices; Food Indices (2015 = 100)
230132,,Consumer Prices; Food Indices (2015 = 100); median
230131,,Consumer Prices; Food Indices (2015 = 100); weighted average
23012,,Consumer Prices; General Indices (2015 = 100)
230122,,Consumer Prices; General Indices (2015 = 100); median
230121,,Consumer Prices; General Indices (2015 = 100); weighted average
23014,,Food price inflation
230142,,Food price inflation; median
230141,,Food price inflation; weighted average
